,level,district_code,district_name,school_code,school_name,grade,num_total_rec,num_valid_scores,num_no_scores,participation_rate,mean_scale_score_19,std_scale_score_19,mean_scale_score_18,num_pme_19,percent_pme_19,num_ae_19,percent_ae_19,num_me_19,percent_me_19,num_ee_19,percent_ee_19,num_me_or_ee_19,percent_me_or_ee_19,num_me_or_ee_18,percent_me_or_ee_18,change_in_me_or_ee
15,DISTRICT,0010,MAPLETON 1,0000,All Schools,All Grades,"   2,024","   1,666",     358,82.3,544,104,545,     814,48.9,     627,37.6,     219,13.1,       6,0.4,     225,13.5,     197,12.0,1.5
16,DISTRICT,0010,MAPLETON 1,0000,All Schools,05,     626,     571,      55,91.2,546,97,547,     281,49.2,     200,35.0,0,0.0,0,0.0,      90,15.8,      68,13.2,2.6
17,DISTRICT,0010,MAPLETON 1,0000,All Schools,08,     703,     591,     112,84.1,527,109,528,     340,57.5,     181,30.6,      67,11.3,       3,0.5,      70,11.8,      69,10.7,1.1
18,DISTRICT,0010,MAPLETON 1,0000,All Schools,HS,     695,     504,     191,72.5,563,103,567,     193,38.3,     246,48.8,0,0.0,0,0.0,      65,12.9,      60,12.4,0.5
19,DISTRICT,0020,ADAMS 12 FIVE STAR SCHOOLS,0000,All Schools,All Grades,"   8,842","   7,793","   1,049",88.1,591,120,591,"   2,605",33.4,"   2,672",34.3,"   2,217",28.4,     299,3.8,"   2,516",32.3,"   2,548",32.0,0.3
20,DISTRICT,0020,ADAMS 12 FIVE STAR SCHOOLS,0000,All Schools,05,"   3,018","   2,970",      48,98.4,606,117,599,     812,27.3,     975,32.8,"   1,008",33.9,     175,5.9,"   1,183",39.8,"   1,087",36.6,3.2
21,DISTRICT,0020,ADAMS 12 FIVE STAR SCHOOLS,0000,All Schools,08,"   2,923","   2,736",     187,93.6,588,124,583,"   1,020",37.3,     781,28.5,     845,30.9,      90,3.3,     935,34.2,     951,33.4,0.8
22,DISTRICT,0020,ADAMS 12 FIVE STAR SCHOOLS,0000,All Schools,HS,"   2,901","   2,087",     814,71.9,571,115,592,     773,37.0,     916,43.9,     364,17.4,      34,1.6,     398,19.1,     510,23.7,-4.6
23,DISTRICT,0030,ADAMS COUNTY 14,0000,All Schools,All Grades,"   1,492","   1,286",     206,86.2,518,103,522,     756,58.8,     420,32.7,0,0.0,0,0.0,     110,8.6,     119,8.5,0.1
24,DISTRICT,0030,ADAMS COUNTY 14,0000,All Schools,05,     533,     523,      10,98.1,516,107,510,     307,58.7,     156,29.8,0,0.0,0,0.0,      60,11.5,      44,7.8,3.7
25,DISTRICT,0030,ADAMS COUNTY 14,0000,All Schools,08,     530,     470,      60,88.7,517,106,512,     282,60.0,     144,30.6,0,0.0,0,0.0,      44,9.4,      48,9.5,-0.1
26,DISTRICT,0030,ADAMS COUNTY 14,0000,All Schools,HS,     429,     293,     136,68.3,521,92,555,     167,57.0,     120,41.0,0,0.0,0,0.0,       6,2.0,      27,8.2,-6.2
27,DISTRICT,0040,SCHOOL DISTRICT 27J,0000,All Schools,All Grades,"   4,036","   3,213",     823,79.6,565,114,577,"   1,306",40.6,"   1,166",36.3,     695,21.6,      46,1.4,     741,23.1,     783,25.4,-2.3
28,DISTRICT,0040,SCHOOL DISTRICT 27J,0000,All Schools,05,"   1,480","   1,445",      35,97.6,588,100,583,     466,32.2,     553,38.3,     399,27.6,      27,1.9,     426,29.5,     390,27.5,2.0
29,DISTRICT,0040,SCHOOL DISTRICT 27J,0000,All Schools,08,"   1,414","   1,290",     124,91.2,544,122,570,     630,48.8,     416,32.2,     231,17.9,      13,1.0,     244,18.9,     271,25.2,-6.3
30,DISTRICT,0040,SCHOOL DISTRICT 27J,0000,All Schools,HS,"   1,142",     478,     664,41.9,551,115,575,     210,43.9,     197,41.2,      65,13.6,       6,1.3,      71,14.9,     122,20.7,-5.8
31,DISTRICT,0050,BENNETT 29J,0000,All Schools,All Grades,     271,     266,       5,98.2,582,99,578,      82,30.8,     131,49.2,0,0.0,0,0.0,      53,19.9,      59,24.8,-4.9
32,DISTRICT,0050,BENNETT 29J,0000,All Schools,05,      84,      84,       0,100.0,599,92,560,      23,27.4,      37,44.0,0,0.0,0,0.0,      24,28.6,      27,31.4,-2.8
33,DISTRICT,0050,BENNETT 29J,0000,All Schools,08,      90,      89,       1,98.9,568,113,605,      35,39.3,      33,37.1,0,0.0,0,0.0,      21,23.6,      24,30.4,-6.8
34,DISTRICT,0050,BENNETT 29J,0000,All Schools,HS,      97,      93,       4,95.9,581,88,570,      24,25.8,      61,65.6,0,0.0,0,0.0,       8,8.6,       8,11.0,-2.4
35,DISTRICT,0060,STRASBURG 31J,0000,All Schools,All Grades,     237,     224,      13,94.5,586,108,609,      70,31.3,      99,44.2,      48,21.4,       7,3.1,      55,24.6,      65,31.0,-6.4
36,DISTRICT,0060,STRASBURG 31J,0000,All Schools,05,      89,      88,       1,98.9,612,92,634,      18,20.5,      42,47.7,      24,27.3,       4,4.5,      28,31.8,      34,48.6,-16.8
37,DISTRICT,0060,STRASBURG 31J,0000,All Schools,08,      56,      54,       2,96.4,561,113,601,      25,46.3,      18,33.3,0,0.0,0,0.0,      11,20.4,      14,23.3,-2.9
38,DISTRICT,0060,STRASBURG 31J,0000,All Schools,HS,      92,      82,      10,89.1,576,115,594,      27,32.9,      39,47.6,0,0.0,0,0.0,      16,19.5,      17,21.3,-1.8
39,DISTRICT,0070,WESTMINSTER PUBLIC SCHOOLS,0000,All Schools,All Grades,"   1,894","   1,826",      68,96.4,521,109,525,"   1,043",57.1,     588,32.2,     190,10.4,       5,0.3,     195,10.7,     200,10.1,0.6
40,DISTRICT,0070,WESTMINSTER PUBLIC SCHOOLS,0000,All Schools,05,     690,     677,      13,98.1,542,101,539,     336,49.6,     247,36.5,0,0.0,0,0.0,      94,13.9,      93,13.5,0.4
41,DISTRICT,0070,WESTMINSTER PUBLIC SCHOOLS,0000,All Schools,08,     628,     600,      28,95.5,503,118,514,     389,64.8,     144,24.0,0,0.0,0,0.0,      67,11.2,      73,10.5,0.7
42,DISTRICT,0070,WESTMINSTER PUBLIC SCHOOLS,0000,All Schools,HS,     576,     549,      27,95.3,515,103,521,     318,57.9,     197,35.9,0,0.0,0,0.0,      34,6.2,      34,5.7,0.5
43,DISTRICT,0100,ALAMOSA RE-11J,0000,All Schools,All Grades,     506,     503,       3,99.4,570,110,577,     189,37.6,     202,40.2,     106,21.1,       6,1.2,     112,22.3,     106,22.3,0.0
44,DISTRICT,0100,ALAMOSA RE-11J,0000,All Schools,05,     186,     185,       1,99.5,584,103,589,      62,33.5,      71,38.4,0,0.0,0,0.0,      52,28.1,      48,29.1,-1.0
45,DISTRICT,0100,ALAMOSA RE-11J,0000,All Schools,08,     177,     176,       1,99.4,547,120,538,      86,48.9,      53,30.1,0,0.0,0,0.0,      37,21.0,      22,13.9,7.1
46,DISTRICT,0100,ALAMOSA RE-11J,0000,All Schools,HS,     143,     142,       1,99.3,580,102,604,      41,28.9,      78,54.9,0,0.0,0,0.0,      23,16.2,      36,23.7,-7.5
47,DISTRICT,0110,SANGRE DE CRISTO RE-22J,0000,All Schools,All Grades,      70,      70,       0,100.0,625,86,633,      12,17.1,      32,45.7,      23,32.9,       3,4.3,      26,37.1,      26,36.1,1.0
48,DISTRICT,0110,SANGRE DE CRISTO RE-22J,0000,All Schools,05,      29,      29,       0,100.0,628,97,640,       6,20.7,      10,34.5,0,0.0,0,0.0,      13,44.8,      12,46.2,-1.4
49,DISTRICT,0110,SANGRE DE CRISTO RE-22J,0000,All Schools,08,      21,      21,       0,100.0,587,74,619,0,0.0,0,0.0,0,0.0,0,0.0,       4,19.0,       9,42.9,-23.9
50,DISTRICT,0110,SANGRE DE CRISTO RE-22J,0000,All Schools,HS,      20,      20,       0,100.0,662,67,637,0,0.0,0,0.0,0,0.0,0,0.0,       9,45.0,       5,20.0,25.0
51,DISTRICT,0120,ENGLEWOOD 1,0000,All Schools,All Grades,     536,     456,      80,85.1,555,115,568,     206,45.2,     159,34.9,      86,18.9,       5,1.1,      91,20.0,      85,18.6,1.4
52,DISTRICT,0120,ENGLEWOOD 1,0000,All Schools,05,     172,     169,       3,98.3,587,110,585,      60,35.5,      56,33.1,0,0.0,0,0.0,      53,31.4,      48,26.8,4.6
53,DISTRICT,0120,ENGLEWOOD 1,0000,All Schools,08,     152,     131,      21,86.2,514,118,531,      82,62.6,      28,21.4,0,0.0,0,0.0,      21,16.0,      22,14.1,1.9
54,DISTRICT,0120,ENGLEWOOD 1,0000,All Schools,HS,     212,     156,      56,73.6,554,106,591,      64,41.0,      75,48.1,0,0.0,0,0.0,      17,10.9,      15,12.3,-1.4
55,DISTRICT,0123,SHERIDAN 2,0000,All Schools,All Grades,     303,     295,       8,97.4,500,112,535,     184,62.4,      92,31.2,0,0.0,0,0.0,      19,6.4,      27,10.2,-3.8
56,DISTRICT,0123,SHERIDAN 2,0000,All Schools,05,      93,      91,       2,97.8,515,106,518,      51,56.0,      31,34.1,0,0.0,0,0.0,       9,9.9,      11,12.2,-2.3
57,DISTRICT,0123,SHERIDAN 2,0000,All Schools,08,      97,      91,       6,93.8,476,118,538,      66,72.5,      19,20.9,0,0.0,0,0.0,       6,6.6,      11,12.4,-5.8
58,DISTRICT,0123,SHERIDAN 2,0000,All Schools,HS,     113,     113,       0,100.0,506,108,548,      67,59.3,      42,37.2,0,0.0,0,0.0,       4,3.5,       5,5.8,-2.3
59,DISTRICT,0130,CHERRY CREEK 5,0000,All Schools,All Grades,"  12,675","   8,434","   4,241",66.5,601,125,604,"   2,550",30.2,"   2,633",31.2,"   2,814",33.4,     437,5.2,"   3,251",38.5,"   3,358",40.0,-1.5
60,DISTRICT,0130,CHERRY CREEK 5,0000,All Schools,05,"   4,270","   4,042",     228,94.7,616,107,622,     938,23.2,"   1,441",35.7,"   1,459",36.1,     204,5.0,"   1,663",41.1,"   1,793",45.3,-4.2
61,DISTRICT,0130,CHERRY CREEK 5,0000,All Schools,08,"   4,229","   3,254",     975,76.9,611,133,601,     976,30.0,     837,25.7,"   1,230",37.8,     211,6.5,"   1,441",44.3,"   1,287",41.3,3.0
62,DISTRICT,0130,CHERRY CREEK 5,0000,All Schools,HS,"   4,176","   1,138","   3,038",27.3,520,130,560,     636,55.9,     355,31.2,     125,11.0,      22,1.9,     147,12.9,     278,21.0,-8.1
63,DISTRICT,0140,LITTLETON 6,0000,All Schools,All Grades,"   3,354","   2,300","   1,054",68.6,647,108,648,     382,16.6,     691,30.0,"   1,048",45.6,     179,7.8,"   1,227",53.3,"   1,363",53.6,-0.3
64,DISTRICT,0140,LITTLETON 6,0000,All Schools,05,"   1,031","   1,007",      24,97.7,651,100,649,     126,12.5,     322,32.0,     474,47.1,      85,8.4,     559,55.5,     579,53.4,2.1
65,DISTRICT,0140,LITTLETON 6,0000,All Schools,08,"   1,121",     958,     163,85.5,648,115,654,     187,19.5,     243,25.4,     448,46.8,      80,8.4,     528,55.1,     581,57.6,-2.5
66,DISTRICT,0140,LITTLETON 6,0000,All Schools,HS,"   1,202",     335,     867,27.9,631,112,633,      69,20.6,     126,37.6,     126,37.6,      14,4.2,     140,41.8,     203,44.9,-3.1
67,DISTRICT,0170,DEER TRAIL 26J,0000,All Schools,All Grades,      40,      39,       1,97.5,572,72,549,      14,35.9,      21,53.8,0,0.0,0,0.0,       4,10.3,0,0.0,0.0
71,DISTRICT,0180,ADAMS-ARAPAHOE 28J,0000,All Schools,All Grades,"   8,117","   7,297",     820,89.9,518,119,521,"   4,169",57.1,"   2,235",30.6,     842,11.5,      51,0.7,     893,12.2,     907,12.3,-0.1
72,DISTRICT,0180,ADAMS-ARAPAHOE 28J,0000,All Schools,05,"   2,990","   2,952",      38,98.7,531,117,530,"   1,538",52.1,     946,32.0,     433,14.7,      35,1.2,     468,15.9,     454,14.7,1.2
73,DISTRICT,0180,ADAMS-ARAPAHOE 28J,0000,All Schools,08,"   2,767","   2,626",     141,94.9,500,124,500,"   1,700",64.7,     631,24.0,     284,10.8,      11,0.4,     295,11.2,     307,12.0,-0.8
74,DISTRICT,0180,ADAMS-ARAPAHOE 28J,0000,All Schools,HS,"   2,360","   1,719",     641,72.8,523,111,535,     931,54.2,     658,38.3,     125,7.3,       5,0.3,     130,7.6,     146,8.4,-0.8
75,DISTRICT,0190,BYERS 32J,0000,All Schools,All Grades,     553,     171,     382,30.9,568,109,543,      69,40.4,      62,36.3,0,0.0,0,0.0,      40,23.4,      52,17.8,5.6
76,DISTRICT,0190,BYERS 32J,0000,All Schools,05,     154,      63,      91,40.9,594,110,528,      20,31.7,      21,33.3,0,0.0,0,0.0,      22,34.9,      20,16.4,18.5
77,DISTRICT,0190,BYERS 32J,0000,All Schools,08,     229,      73,     156,31.9,540,115,534,      40,54.8,      20,27.4,0,0.0,0,0.0,      13,17.8,      19,16.7,1.1
78,DISTRICT,0190,BYERS 32J,0000,All Schools,HS,     170,      35,     135,20.6,578,79,594,       9,25.7,      21,60.0,0,0.0,0,0.0,       5,14.3,      13,23.2,-8.9
79,DISTRICT,0220,ARCHULETA COUNTY 50 JT,0000,All Schools,All Grades,     365,     328,      37,89.9,586,107,594,     115,35.1,     118,36.0,      89,27.1,       6,1.8,      95,29.0,     107,29.9,-0.9
80,DISTRICT,0220,ARCHULETA COUNTY 50 JT,0000,All Schools,05,     135,     123,      12,91.1,584,106,593,      39,31.7,      48,39.0,0,0.0,0,0.0,      36,29.3,      45,35.2,-5.9
81,DISTRICT,0220,ARCHULETA COUNTY 50 JT,0000,All Schools,08,     131,     118,      13,90.1,588,100,596,      44,37.3,      38,32.2,0,0.0,0,0.0,      36,30.5,      50,36.0,-5.5
82,DISTRICT,0220,ARCHULETA COUNTY 50 JT,0000,All Schools,HS,      99,      87,      12,87.9,587,117,591,      32,36.8,      32,36.8,0,0.0,0,0.0,      23,26.4,      12,13.2,13.2
83,DISTRICT,0230,WALSH RE-1,0000,All Schools,All Grades,      30,      30,       0,100.0,625,65,601,       3,10.0,      20,66.7,0,0.0,0,0.0,       7,23.3,       7,25.9,-2.6
84,DISTRICT,0230,WALSH RE-1,0000,All Schools,05,      17,      17,       0,100.0,610,71,0,0,0.0,0,0.0,0,0.0,0,0.0,0,0.0,0,0.0,0.0
91,DISTRICT,0250,SPRINGFIELD RE-4,0000,All Schools,All Grades,      61,      59,       2,96.7,571,81,582,      19,32.2,      34,57.6,0,0.0,0,0.0,       6,10.2,       9,17.6,-7.4
92,DISTRICT,0250,SPRINGFIELD RE-4,0000,All Schools,05,      33,      33,       0,100.0,570,83,554,      10,30.3,      20,60.6,0,0.0,0,0.0,       3,9.1,0,0.0,0.0
102,DISTRICT,0290,LAS ANIMAS RE-1,0000,All Schools,All Grades,     724,     554,     170,76.5,491,107,512,     386,69.7,     141,25.5,0,0.0,0,0.0,      27,4.9,      36,12.6,-7.7
103,DISTRICT,0290,LAS ANIMAS RE-1,0000,All Schools,05,      31,      31,       0,100.0,614,98,564,       8,25.8,      12,38.7,0,0.0,0,0.0,      11,35.5,      12,29.3,6.2
104,DISTRICT,0290,LAS ANIMAS RE-1,0000,All Schools,08,     274,     221,      53,80.7,456,112,476,     176,79.6,      37,16.7,0,0.0,0,0.0,       8,3.6,      15,14.2,-10.6
105,DISTRICT,0290,LAS ANIMAS RE-1,0000,All Schools,HS,     419,     302,     117,72.1,503,92,524,     202,66.9,      92,30.5,0,0.0,0,0.0,       8,2.6,       9,6.5,-3.9
106,DISTRICT,0310,MC CLAVE RE-2,0000,All Schools,All Grades,      73,      68,       5,93.2,594,76,623,      19,27.9,      31,45.6,0,0.0,0,0.0,      18,26.5,      15,37.5,-11.0
107,DISTRICT,0310,MC CLAVE RE-2,0000,All Schools,05,      29,      27,       2,93.1,612,85,0,       6,22.2,      11,40.7,0,0.0,0,0.0,      10,37.0,0,0.0,0.0
108,DISTRICT,0310,MC CLAVE RE-2,0000,All Schools,08,      22,      22,       0,100.0,602,77,0,       6,27.3,0,0.0,0,0.0,0,0.0,0,0.0,0,0.0,0.0
109,DISTRICT,0310,MC CLAVE RE-2,0000,All Schools,HS,      22,      19,       3,86.4,560,51,599,       7,36.8,0,0.0,0,0.0,0,0.0,0,0.0,       4,23.5,0.0
110,DISTRICT,0470,ST VRAIN VALLEY RE 1J,0000,All Schools,All Grades,"   6,931","   5,511","   1,420",79.5,601,120,604,"   1,627",29.5,"   1,900",34.5,"   1,745",31.7,     239,4.3,"   1,984",36.0,"   2,135",38.1,-2.1
111,DISTRICT,0470,ST VRAIN VALLEY RE 1J,0000,All Schools,05,"   2,371","   2,263",     108,95.4,616,105,613,     516,22.8,     823,36.4,     820,36.2,     104,4.6,     924,40.8,     968,41.9,-1.1
112,DISTRICT,0470,ST VRAIN VALLEY RE 1J,0000,All Schools,08,"   2,325","   2,032",     293,87.4,603,128,602,     649,31.9,     588,28.9,     686,33.8,     109,5.4,     795,39.1,     824,39.4,-0.3
113,DISTRICT,0470,ST VRAIN VALLEY RE 1J,0000,All Schools,HS,"   2,235","   1,216","   1,019",54.4,567,125,591,     462,38.0,     489,40.2,     239,19.7,      26,2.1,     265,21.8,     343,28.4,-6.6
114,DISTRICT,0480,BOULDER VALLEY RE 2,0000,All Schools,All Grades,"   7,157","   4,694","   2,463",65.6,636,114,633,     936,19.9,"   1,421",30.3,"   2,006",42.7,     331,7.1,"   2,337",49.8,"   2,395",49.8,0.0
115,DISTRICT,0480,BOULDER VALLEY RE 2,0000,All Schools,05,"   2,265","   2,130",     135,94.0,650,105,645,     321,15.1,     622,29.2,"   1,002",47.0,     185,8.7,"   1,187",55.7,"   1,182",55.7,0.0
116,DISTRICT,0480,BOULDER VALLEY RE 2,0000,All Schools,08,"   2,393","   1,962",     431,82.0,620,121,615,     502,25.6,     579,29.5,     775,39.5,     106,5.4,     881,44.9,     876,44.7,0.2
117,DISTRICT,0480,BOULDER VALLEY RE 2,0000,All Schools,HS,"   2,499",     602,"   1,897",24.1,637,115,644,     113,18.8,     220,36.5,     229,38.0,      40,6.6,     269,44.7,     337,46.2,-1.5
118,DISTRICT,0490,BUENA VISTA R-31,0000,All Schools,All Grades,     225,     218,       7,96.9,608,97,613,      54,24.8,      92,42.2,      69,31.7,       3,1.4,      72,33.0,      64,31.8,1.2
119,DISTRICT,0490,BUENA VISTA R-31,0000,All Schools,05,      71,      70,       1,98.6,584,100,613,      19,27.1,      31,44.3,0,0.0,0,0.0,      20,28.6,      20,37.0,-8.4
120,DISTRICT,0490,BUENA VISTA R-31,0000,All Schools,08,      91,      87,       4,95.6,622,101,605,      24,27.6,      27,31.0,0,0.0,0,0.0,      36,41.4,      21,29.2,12.2
121,DISTRICT,0490,BUENA VISTA R-31,0000,All Schools,HS,      63,      61,       2,96.8,617,86,621,      11,18.0,      34,55.7,0,0.0,0,0.0,      16,26.2,      23,30.7,-4.5
122,DISTRICT,0500,SALIDA R-32,0000,All Schools,All Grades,     275,     267,       8,97.1,647,92,638,      37,13.9,      96,36.0,     119,44.6,      15,5.6,     134,50.2,     132,45.7,4.5
123,DISTRICT,0500,SALIDA R-32,0000,All Schools,05,     100,      99,       1,99.0,650,91,640,      13,13.1,      32,32.3,      47,47.5,       7,7.1,      54,54.5,      49,53.3,1.2
124,DISTRICT,0500,SALIDA R-32,0000,All Schools,08,      90,      88,       2,97.8,653,102,634,      14,15.9,      25,28.4,0,0.0,0,0.0,      49,55.7,      45,48.9,6.8
125,DISTRICT,0500,SALIDA R-32,0000,All Schools,HS,      85,      80,       5,94.1,636,81,639,      10,12.5,      39,48.8,0,0.0,0,0.0,      31,38.8,      38,36.2,2.6
134,DISTRICT,0540,CLEAR CREEK RE-1,0000,All Schools,All Grades,     163,     150,      13,92.0,599,85,592,      31,20.7,      84,56.0,0,0.0,0,0.0,      35,23.3,      42,26.1,-2.8
135,DISTRICT,0540,CLEAR CREEK RE-1,0000,All Schools,05,      59,      55,       4,93.2,600,82,608,       8,14.5,      32,58.2,0,0.0,0,0.0,      15,27.3,      20,36.4,-9.1
136,DISTRICT,0540,CLEAR CREEK RE-1,0000,All Schools,08,      50,      45,       5,90.0,600,85,549,      12,26.7,      23,51.1,0,0.0,0,0.0,      10,22.2,       6,10.7,11.5
137,DISTRICT,0540,CLEAR CREEK RE-1,0000,All Schools,HS,      54,      50,       4,92.6,598,89,622,      11,22.0,      29,58.0,0,0.0,0,0.0,      10,20.0,      16,32.0,-12.0
138,DISTRICT,0550,NORTH CONEJOS RE-1J,0000,All Schools,All Grades,     238,     225,      13,94.5,624,99,610,      46,20.4,      85,37.8,      86,38.2,       8,3.6,      94,41.8,      80,34.0,7.8
139,DISTRICT,0550,NORTH CONEJOS RE-1J,0000,All Schools,05,      77,      74,       3,96.1,628,103,625,      12,16.2,      24,32.4,0,0.0,0,0.0,      38,51.4,      33,41.3,10.1
140,DISTRICT,0550,NORTH CONEJOS RE-1J,0000,All Schools,08,      86,      83,       3,96.5,635,100,593,      18,21.7,      27,32.5,0,0.0,0,0.0,      38,45.8,      26,35.6,10.2
141,DISTRICT,0550,NORTH CONEJOS RE-1J,0000,All Schools,HS,      75,      68,       7,90.7,607,93,610,      16,23.5,      34,50.0,0,0.0,0,0.0,      18,26.5,      21,25.6,0.9
142,DISTRICT,0560,SANFORD 6J,0000,All Schools,All Grades,      75,      75,       0,100.0,637,77,611,      11,14.7,      35,46.7,      24,32.0,       5,6.7,      29,38.7,      34,42.0,-3.3
143,DISTRICT,0560,SANFORD 6J,0000,All Schools,05,      29,      29,       0,100.0,645,72,610,0,0.0,0,0.0,0,0.0,0,0.0,      11,37.9,      10,43.5,-5.6
144,DISTRICT,0560,SANFORD 6J,0000,All Schools,08,      22,      22,       0,100.0,628,91,608,0,0.0,0,0.0,0,0.0,0,0.0,       9,40.9,      11,40.7,0.2
145,DISTRICT,0560,SANFORD 6J,0000,All Schools,HS,      24,      24,       0,100.0,635,72,615,       4,16.7,      11,45.8,0,0.0,0,0.0,       9,37.5,      13,41.9,-4.4
146,DISTRICT,0580,SOUTH CONEJOS RE-10,0000,All Schools,All Grades,      37,      37,       0,100.0,521,92,509,      23,62.2,0,0.0,0,0.0,0,0.0,0,0.0,0,0.0,0.0
150,DISTRICT,0640,CENTENNIAL R-1,0000,All Schools,All Grades,      45,      42,       3,93.3,528,87,522,      21,50.0,0,0.0,0,0.0,0,0.0,0,0.0,0,0.0,0.0
154,DISTRICT,0740,SIERRA GRANDE R-30,0000,All Schools,All Grades,      55,      55,       0,100.0,560,95,534,      23,41.8,      24,43.6,0,0.0,0,0.0,       8,14.5,       4,5.6,8.9
155,DISTRICT,0740,SIERRA GRANDE R-30,0000,All Schools,05,      20,      20,       0,100.0,570,71,519,0,0.0,0,0.0,0,0.0,0,0.0,0,0.0,0,0.0,0.0
156,DISTRICT,0740,SIERRA GRANDE R-30,0000,All Schools,08,      25,      25,       0,100.0,542,116,507,      15,60.0,       6,24.0,0,0.0,0,0.0,       4,16.0,0,0.0,0.0
158,DISTRICT,0770,CROWLEY COUNTY RE-1-J,0000,All Schools,All Grades,      96,      96,       0,100.0,569,80,559,      38,39.6,      44,45.8,0,0.0,0,0.0,      14,14.6,      13,14.9,-0.3
159,DISTRICT,0770,CROWLEY COUNTY RE-1-J,0000,All Schools,05,      37,      37,       0,100.0,572,81,551,      16,43.2,      15,40.5,0,0.0,0,0.0,       6,16.2,0,0.0,0.0
160,DISTRICT,0770,CROWLEY COUNTY RE-1-J,0000,All Schools,08,      34,      34,       0,100.0,575,87,537,      12,35.3,0,0.0,0,0.0,0,0.0,0,0.0,       5,16.1,0.0
161,DISTRICT,0770,CROWLEY COUNTY RE-1-J,0000,All Schools,HS,      25,      25,       0,100.0,555,72,594,      10,40.0,0,0.0,0,0.0,0,0.0,0,0.0,0,0.0,0.0
162,DISTRICT,0860,CUSTER COUNTY SCHOOL DISTRICT C-1,0000,All Schools,All Grades,      80,      79,       1,98.8,639,76,608,      10,12.7,      34,43.0,      31,39.2,       4,5.1,      35,44.3,      25,32.9,11.4
163,DISTRICT,0860,CUSTER COUNTY SCHOOL DISTRICT C-1,0000,All Schools,05,      29,      28,       1,96.6,654,90,587,       3,10.7,       9,32.1,0,0.0,0,0.0,      16,57.1,       7,29.2,27.9
164,DISTRICT,0860,CUSTER COUNTY SCHOOL DISTRICT C-1,0000,All Schools,08,      22,      22,       0,100.0,634,66,608,       3,13.6,       9,40.9,0,0.0,0,0.0,      10,45.5,       7,30.4,15.1
165,DISTRICT,0860,CUSTER COUNTY SCHOOL DISTRICT C-1,0000,All Schools,HS,      29,      29,       0,100.0,627,68,626,       4,13.8,      16,55.2,0,0.0,0,0.0,       9,31.0,      11,37.9,-6.9
166,DISTRICT,0870,DELTA COUNTY 50(J),0000,All Schools,All Grades,"   1,001",     950,      51,94.9,586,113,585,     299,31.5,     382,40.2,     250,26.3,      19,2.0,     269,28.3,     260,26.4,1.9
167,DISTRICT,0870,DELTA COUNTY 50(J),0000,All Schools,05,     341,     328,      13,96.2,605,106,595,      81,24.7,     132,40.2,     105,32.0,      10,3.0,     115,35.1,     113,32.4,2.7
168,DISTRICT,0870,DELTA COUNTY 50(J),0000,All Schools,08,     340,     317,      23,93.2,571,123,573,     125,39.4,      98,30.9,      91,28.7,       3,0.9,      94,29.7,      90,26.9,2.8
169,DISTRICT,0870,DELTA COUNTY 50(J),0000,All Schools,HS,     320,     305,      15,95.3,583,107,587,      93,30.5,     152,49.8,      54,17.7,       6,2.0,      60,19.7,      57,18.9,0.8
170,DISTRICT,0880,DENVER COUNTY 1,0000,All Schools,All Grades,"  18,813","  17,671","   1,142",93.9,556,126,563,"   8,088",45.8,"   5,486",31.0,"   3,596",20.3,     501,2.8,"   4,097",23.2,"   4,095",23.6,-0.4
171,DISTRICT,0880,DENVER COUNTY 1,0000,All Schools,05,"   7,119","   6,964",     155,97.8,562,122,564,"   3,069",44.1,"   2,088",30.0,"   1,581",22.7,     226,3.2,"   1,807",25.9,"   1,721",25.0,0.9
172,DISTRICT,0880,DENVER COUNTY 1,0000,All Schools,08,"   6,408","   6,100",     308,95.2,541,134,552,"   3,225",52.9,"   1,489",24.4,"   1,228",20.1,     158,2.6,"   1,386",22.7,"   1,448",24.2,-1.5
173,DISTRICT,0880,DENVER COUNTY 1,0000,All Schools,HS,"   5,286","   4,607",     679,87.2,567,118,577,"   1,794",38.9,"   1,909",41.4,     787,17.1,     117,2.5,     904,19.6,     926,20.5,-0.9
174,DISTRICT,0890,DOLORES COUNTY RE NO.2,0000,All Schools,All Grades,      64,      33,      31,51.6,542,100,0,      15,45.5,      13,39.4,0,0.0,0,0.0,       5,15.2,0,0.0,0.0
175,DISTRICT,0890,DOLORES COUNTY RE NO.2,0000,All Schools,05,      25,      19,       6,76.0,590,77,0,       5,26.3,0,0.0,0,0.0,0,0.0,0,0.0,0,0.0,0.0
178,DISTRICT,0900,DOUGLAS COUNTY RE 1,0000,All Schools,All Grades,"  15,274","   9,868","   5,406",64.6,623,109,618,"   2,184",22.1,"   3,405",34.5,"   3,779",38.3,     500,5.1,"   4,279",43.4,"   4,071",42.3,1.1
179,DISTRICT,0900,DOUGLAS COUNTY RE 1,0000,All Schools,05,"   5,033","   4,677",     356,92.9,635,97,632,     761,16.3,"   1,683",36.0,"   1,978",42.3,     255,5.5,"   2,233",47.7,"   2,196",47.3,0.4
180,DISTRICT,0900,DOUGLAS COUNTY RE 1,0000,All Schools,08,"   5,420","   4,123","   1,297",76.1,615,116,603,"   1,115",27.0,"   1,281",31.1,"   1,530",37.1,     197,4.8,"   1,727",41.9,"   1,528",38.7,3.2
181,DISTRICT,0900,DOUGLAS COUNTY RE 1,0000,All Schools,HS,"   4,821","   1,068","   3,753",22.2,598,120,613,     308,28.8,     441,41.3,     271,25.4,      48,4.5,     319,29.9,     347,34.1,-4.2
182,DISTRICT,0910,EAGLE COUNTY RE 50,0000,All Schools,All Grades,"   1,472","   1,354",     118,92.0,597,115,579,     420,31.0,     492,36.3,     389,28.7,      53,3.9,     442,32.6,     395,28.9,3.7
183,DISTRICT,0910,EAGLE COUNTY RE 50,0000,All Schools,05,     490,     483,       7,98.6,603,112,590,     142,29.4,     159,32.9,     154,31.9,      28,5.8,     182,37.7,     191,34.9,2.8
184,DISTRICT,0910,EAGLE COUNTY RE 50,0000,All Schools,08,     454,     443,      11,97.6,586,124,574,     162,36.6,     142,32.1,     126,28.4,      13,2.9,     139,31.4,     136,27.6,3.8
185,DISTRICT,0910,EAGLE COUNTY RE 50,0000,All Schools,HS,     528,     428,     100,81.1,601,107,569,     116,27.1,     191,44.6,     109,25.5,      12,2.8,     121,28.3,      68,20.7,7.6
186,DISTRICT,0920,ELIZABETH SCHOOL DISTRICT,0000,All Schools,All Grades,     551,     368,     183,66.8,607,98,583,      95,25.8,     142,38.6,     123,33.4,       8,2.2,     131,35.6,      97,26.6,9.0
187,DISTRICT,0920,ELIZABETH SCHOOL DISTRICT,0000,All Schools,05,     186,     176,      10,94.6,588,89,618,      51,29.0,      77,43.8,0,0.0,0,0.0,      48,27.3,      58,38.7,-11.4
188,DISTRICT,0920,ELIZABETH SCHOOL DISTRICT,0000,All Schools,08,     178,     152,      26,85.4,633,101,547,      33,21.7,      46,30.3,0,0.0,0,0.0,      73,48.0,      28,19.2,28.8
189,DISTRICT,0920,ELIZABETH SCHOOL DISTRICT,0000,All Schools,HS,     187,      40,     147,21.4,594,102,585,      11,27.5,      19,47.5,0,0.0,0,0.0,      10,25.0,      11,16.2,8.8
190,DISTRICT,0930,KIOWA C-2,0000,All Schools,All Grades,      44,      39,       5,88.6,596,91,579,      15,38.5,      13,33.3,0,0.0,0,0.0,      11,28.2,       6,15.0,13.2
192,DISTRICT,0930,KIOWA C-2,0000,All Schools,08,      21,      18,       3,85.7,601,102,0,       8,44.4,       4,22.2,0,0.0,0,0.0,       6,33.3,0,0.0,0.0
194,DISTRICT,0940,BIG SANDY 100J,0000,All Schools,All Grades,      59,      59,       0,100.0,644,92,616,       6,10.2,      23,39.0,0,0.0,0,0.0,      30,50.8,      24,31.6,19.2
195,DISTRICT,0940,BIG SANDY 100J,0000,All Schools,05,      22,      22,       0,100.0,653,81,627,0,0.0,0,0.0,0,0.0,0,0.0,      10,45.5,      10,37.0,8.5
196,DISTRICT,0940,BIG SANDY 100J,0000,All Schools,08,      16,      16,       0,100.0,646,95,609,0,0.0,0,0.0,0,0.0,0,0.0,      11,68.8,       9,32.1,36.7
197,DISTRICT,0940,BIG SANDY 100J,0000,All Schools,HS,      21,      21,       0,100.0,633,103,613,0,0.0,0,0.0,0,0.0,0,0.0,       9,42.9,       5,23.8,19.1
198,DISTRICT,0950,ELBERT 200,0000,All Schools,All Grades,      50,      45,       5,90.0,588,86,561,      14,31.1,      21,46.7,0,0.0,0,0.0,      10,22.2,       6,15.0,7.2
199,DISTRICT,0950,ELBERT 200,0000,All Schools,05,      17,      16,       1,94.1,601,67,0,0,0.0,0,0.0,0,0.0,0,0.0,0,0.0,0,0.0,0.0
201,DISTRICT,0950,ELBERT 200,0000,All Schools,HS,      19,      18,       1,94.7,621,77,591,       3,16.7,       9,50.0,0,0.0,0,0.0,       6,33.3,0,0.0,0.0
206,DISTRICT,0970,CALHAN RJ-1,0000,All Schools,All Grades,     115,     107,       8,93.0,588,103,578,      36,33.6,      45,42.1,      23,21.5,       3,2.8,      26,24.3,      16,17.4,6.9
207,DISTRICT,0970,CALHAN RJ-1,0000,All Schools,05,      43,      42,       1,97.7,597,100,583,      14,33.3,      15,35.7,0,0.0,0,0.0,      13,31.0,       9,29.0,2.0
208,DISTRICT,0970,CALHAN RJ-1,0000,All Schools,08,      41,      38,       3,92.7,583,125,552,      15,39.5,0,0.0,0,0.0,0,0.0,0,0.0,0,0.0,0.0
209,DISTRICT,0970,CALHAN RJ-1,0000,All Schools,HS,      31,      27,       4,87.1,580,73,594,       7,25.9,0,0.0,0,0.0,0,0.0,0,0.0,0,0.0,0.0
210,DISTRICT,0980,HARRISON 2,0000,All Schools,All Grades,"   2,448","   2,392",      56,97.7,581,108,584,     828,34.6,     951,39.8,     562,23.5,      51,2.1,     613,25.6,     576,25.1,0.5
211,DISTRICT,0980,HARRISON 2,0000,All Schools,05,     956,     946,      10,99.0,599,110,599,     274,29.0,     348,36.8,     282,29.8,      42,4.4,     324,34.2,     297,32.2,2.0
212,DISTRICT,0980,HARRISON 2,0000,All Schools,08,     873,     863,      10,98.9,569,106,566,     344,39.9,     319,37.0,0,0.0,0,0.0,     200,23.2,     161,19.5,3.7
213,DISTRICT,0980,HARRISON 2,0000,All Schools,HS,     619,     583,      36,94.2,569,104,588,     210,36.0,     284,48.7,0,0.0,0,0.0,      89,15.3,     118,21.6,-6.3
214,DISTRICT,0990,WIDEFIELD 3,0000,All Schools,All Grades,"   2,058","   1,915",     143,93.1,604,101,598,     486,25.4,     868,45.3,     503,26.3,      58,3.0,     561,29.3,     549,29.0,0.3
215,DISTRICT,0990,WIDEFIELD 3,0000,All Schools,05,     755,     737,      18,97.6,614,102,605,     169,22.9,     291,39.5,     245,33.2,      32,4.3,     277,37.6,     247,35.2,2.4
216,DISTRICT,0990,WIDEFIELD 3,0000,All Schools,08,     676,     615,      61,91.0,608,108,590,     163,26.5,     240,39.0,     189,30.7,      23,3.7,     212,34.5,     177,30.0,4.5
217,DISTRICT,0990,WIDEFIELD 3,0000,All Schools,HS,     627,     563,      64,89.8,585,88,598,     154,27.4,     337,59.9,      69,12.3,       3,0.5,      72,12.8,     125,20.8,-8.0
218,DISTRICT,1000,FOUNTAIN 8,0000,All Schools,All Grades,"   1,607","   1,450",     157,90.2,598,101,596,     415,28.6,     594,41.0,     414,28.6,      27,1.9,     441,30.4,     401,30.1,0.3
219,DISTRICT,1000,FOUNTAIN 8,0000,All Schools,05,     635,     624,      11,98.3,615,93,615,     135,21.6,     253,40.5,     221,35.4,      15,2.4,     236,37.8,     226,37.7,0.1
220,DISTRICT,1000,FOUNTAIN 8,0000,All Schools,08,     526,     506,      20,96.2,589,110,579,     171,33.8,     187,37.0,0,0.0,0,0.0,     148,29.2,     119,26.4,2.8
221,DISTRICT,1000,FOUNTAIN 8,0000,All Schools,HS,     446,     320,     126,71.7,580,98,584,     109,34.1,     154,48.1,0,0.0,0,0.0,      57,17.8,      56,19.7,-1.9
222,DISTRICT,1010,COLORADO SPRINGS 11,0000,All Schools,All Grades,"   5,669","   5,044",     625,89.0,573,114,576,"   1,924",38.1,"   1,920",38.1,"   1,094",21.7,     106,2.1,"   1,200",23.8,"   1,284",25.9,-2.1
223,DISTRICT,1010,COLORADO SPRINGS 11,0000,All Schools,05,"   2,027","   1,975",      52,97.4,588,106,587,     614,31.1,     791,40.1,     519,26.3,      51,2.6,     570,28.9,     595,29.6,-0.7
224,DISTRICT,1010,COLORADO SPRINGS 11,0000,All Schools,08,"   1,839","   1,694",     145,92.1,558,122,564,     807,47.6,     496,29.3,     356,21.0,      35,2.1,     391,23.1,     443,25.8,-2.7
225,DISTRICT,1010,COLORADO SPRINGS 11,0000,All Schools,HS,"   1,803","   1,375",     428,76.3,568,113,576,     503,36.6,     633,46.0,     219,15.9,      20,1.5,     239,17.4,     246,19.9,-2.5
226,DISTRICT,1020,CHEYENNE MOUNTAIN 12,0000,All Schools,All Grades,"   1,149",     979,     170,85.2,665,88,668,      92,9.4,     323,33.0,     487,49.7,      77,7.9,     564,57.6,     611,59.2,-1.6
227,DISTRICT,1020,CHEYENNE MOUNTAIN 12,0000,All Schools,05,     378,     365,      13,96.6,666,95,659,      42,11.5,      94,25.8,     189,51.8,      40,11.0,     229,62.7,     208,57.5,5.2
228,DISTRICT,1020,CHEYENNE MOUNTAIN 12,0000,All Schools,08,     413,     351,      62,85.0,666,84,661,      33,9.4,     108,30.8,     193,55.0,      17,4.8,     210,59.8,     213,56.6,3.2
229,DISTRICT,1020,CHEYENNE MOUNTAIN 12,0000,All Schools,HS,     358,     263,      95,73.5,663,84,687,      17,6.5,     121,46.0,     105,39.9,      20,7.6,     125,47.5,     190,64.6,-17.1
230,DISTRICT,1030,MANITOU SPRINGS 14,0000,All Schools,All Grades,     339,     254,      85,74.9,603,101,599,      73,28.7,     105,41.3,      66,26.0,      10,3.9,      76,29.9,      81,34.2,-4.3
231,DISTRICT,1030,MANITOU SPRINGS 14,0000,All Schools,05,      96,      92,       4,95.8,628,98,616,      20,21.7,      36,39.1,0,0.0,0,0.0,      36,39.1,      44,44.9,-5.8
232,DISTRICT,1030,MANITOU SPRINGS 14,0000,All Schools,08,     130,     102,      28,78.5,573,92,567,      39,38.2,      45,44.1,0,0.0,0,0.0,      18,17.6,      20,23.8,-6.2
233,DISTRICT,1030,MANITOU SPRINGS 14,0000,All Schools,HS,     113,      60,      53,53.1,615,108,617,      14,23.3,      24,40.0,0,0.0,0,0.0,      22,36.7,      17,30.9,5.8
234,DISTRICT,1040,ACADEMY 20,0000,All Schools,All Grades,"   5,823","   4,349","   1,474",74.7,646,98,647,     643,14.8,"   1,520",35.0,"   1,892",43.5,     294,6.8,"   2,186",50.3,"   2,219",49.8,0.5
235,DISTRICT,1040,ACADEMY 20,0000,All Schools,05,"   1,880","   1,762",     118,93.7,652,90,645,     212,12.0,     582,33.0,     831,47.2,     137,7.8,     968,54.9,     824,50.5,4.4
236,DISTRICT,1040,ACADEMY 20,0000,All Schools,08,"   1,874","   1,624",     250,86.7,644,106,645,     292,18.0,     487,30.0,     737,45.4,     108,6.7,     845,52.0,     874,51.3,0.7
237,DISTRICT,1040,ACADEMY 20,0000,All Schools,HS,"   2,069",     963,"   1,106",46.5,638,96,654,     139,14.4,     451,46.8,     324,33.6,      49,5.1,     373,38.7,     521,46.4,-7.7
238,DISTRICT,1050,ELLICOTT 22,0000,All Schools,All Grades,     216,     210,       6,97.2,599,109,605,      55,26.2,      88,41.9,      62,29.5,       5,2.4,      67,31.9,      69,33.0,-1.1
239,DISTRICT,1050,ELLICOTT 22,0000,All Schools,05,      82,      80,       2,97.6,637,111,621,      12,15.0,      23,28.8,0,0.0,0,0.0,      45,56.3,      33,44.0,12.3
240,DISTRICT,1050,ELLICOTT 22,0000,All Schools,08,      74,      71,       3,95.9,577,103,609,      24,33.8,      33,46.5,0,0.0,0,0.0,      14,19.7,      28,36.8,-17.1
241,DISTRICT,1050,ELLICOTT 22,0000,All Schools,HS,      60,      59,       1,98.3,575,100,579,      19,32.2,      32,54.2,0,0.0,0,0.0,       8,13.6,       8,13.8,-0.2
242,DISTRICT,1060,PEYTON 23 JT,0000,All Schools,All Grades,     162,     153,       9,94.4,623,81,598,      25,16.3,      80,52.3,      43,28.1,       5,3.3,      48,31.4,      40,27.4,4.0
243,DISTRICT,1060,PEYTON 23 JT,0000,All Schools,05,      43,      41,       2,95.3,664,71,644,       3,7.3,      14,34.1,0,0.0,0,0.0,      24,58.5,      20,54.1,4.4
244,DISTRICT,1060,PEYTON 23 JT,0000,All Schools,08,      51,      50,       1,98.0,606,80,588,      10,20.0,      29,58.0,0,0.0,0,0.0,      11,22.0,      11,23.4,-1.4
245,DISTRICT,1060,PEYTON 23 JT,0000,All Schools,HS,      68,      62,       6,91.2,609,78,577,      12,19.4,      37,59.7,0,0.0,0,0.0,      13,21.0,       9,14.5,6.5
246,DISTRICT,1070,HANOVER 28,0000,All Schools,All Grades,      58,      55,       3,94.8,552,96,544,      19,34.5,      31,56.4,0,0.0,0,0.0,       5,9.1,       5,8.9,0.2
247,DISTRICT,1070,HANOVER 28,0000,All Schools,05,      20,      19,       1,95.0,557,76,560,       7,36.8,0,0.0,0,0.0,0,0.0,0,0.0,0,0.0,0.0
248,DISTRICT,1070,HANOVER 28,0000,All Schools,08,      20,      18,       2,90.0,553,127,528,       5,27.8,0,0.0,0,0.0,0,0.0,0,0.0,0,0.0,0.0
249,DISTRICT,1070,HANOVER 28,0000,All Schools,HS,      18,      18,       0,100.0,545,83,0,       7,38.9,0,0.0,0,0.0,0,0.0,0,0.0,0,0.0,0.0
250,DISTRICT,1080,LEWIS-PALMER 38,0000,All Schools,All Grades,"   1,593","   1,095",     498,68.7,642,106,640,     178,16.3,     371,33.9,     468,42.7,      78,7.1,     546,49.9,     498,50.3,-0.4
251,DISTRICT,1080,LEWIS-PALMER 38,0000,All Schools,05,     494,     397,      97,80.4,655,85,656,      36,9.1,     132,33.2,     203,51.1,      26,6.5,     229,57.7,     214,57.4,0.3
252,DISTRICT,1080,LEWIS-PALMER 38,0000,All Schools,08,     541,     396,     145,73.2,642,120,639,      82,20.7,     110,27.8,     165,41.7,      39,9.8,     204,51.5,     193,55.8,-4.3
253,DISTRICT,1080,LEWIS-PALMER 38,0000,All Schools,HS,     558,     302,     256,54.1,625,108,619,      60,19.9,     129,42.7,     100,33.1,      13,4.3,     113,37.4,      91,33.6,3.8
254,DISTRICT,1110,DISTRICT 49,0000,All Schools,All Grades,"   4,578","   3,868",     710,84.5,588,106,582,"   1,204",31.1,"   1,578",40.8,"   1,020",26.4,      66,1.7,"   1,086",28.1,"   1,010",25.8,2.3
255,DISTRICT,1110,DISTRICT 49,0000,All Schools,05,"   1,358","   1,327",      31,97.7,615,95,602,     283,21.3,     523,39.4,     487,36.7,      34,2.6,     521,39.3,     430,33.3,6.0
256,DISTRICT,1110,DISTRICT 49,0000,All Schools,08,"   1,344","   1,203",     141,89.5,600,106,597,     359,29.8,     441,36.7,     375,31.2,      28,2.3,     403,33.5,     409,32.7,0.8
257,DISTRICT,1110,DISTRICT 49,0000,All Schools,HS,"   1,876","   1,338",     538,71.3,552,106,552,     562,42.0,     614,45.9,     158,11.8,       4,0.3,     162,12.1,     171,12.4,-0.3
258,DISTRICT,1120,EDISON 54 JT,0000,All Schools,All Grades,      51,      24,      27,47.1,622,103,631,       4,16.7,      10,41.7,0,0.0,0,0.0,      10,41.7,      11,47.8,-6.1
262,DISTRICT,1130,MIAMI/YODER 60 JT,0000,All Schools,All Grades,      64,      63,       1,98.4,561,96,554,      25,39.7,      28,44.4,0,0.0,0,0.0,      10,15.9,      12,17.1,-1.2
263,DISTRICT,1130,MIAMI/YODER 60 JT,0000,All Schools,05,      20,      20,       0,100.0,612,81,618,       4,20.0,       9,45.0,0,0.0,0,0.0,       7,35.0,0,0.0,0.0
264,DISTRICT,1130,MIAMI/YODER 60 JT,0000,All Schools,08,      23,      23,       0,100.0,532,110,503,      12,52.2,0,0.0,0,0.0,0,0.0,0,0.0,0,0.0,0.0
265,DISTRICT,1130,MIAMI/YODER 60 JT,0000,All Schools,HS,      21,      20,       1,95.2,543,73,555,       9,45.0,0,0.0,0,0.0,0,0.0,0,0.0,0,0.0,0.0
266,DISTRICT,1140,CANON CITY RE-1,0000,All Schools,All Grades,     753,     715,      38,95.0,595,102,597,     197,27.6,     314,43.9,     191,26.7,      13,1.8,     204,28.5,     191,27.3,1.2
267,DISTRICT,1140,CANON CITY RE-1,0000,All Schools,05,     248,     248,       0,100.0,609,96,598,      52,21.0,     113,45.6,      77,31.0,       6,2.4,      83,33.5,      92,31.7,1.8
268,DISTRICT,1140,CANON CITY RE-1,0000,All Schools,08,     290,     281,       9,96.9,584,112,582,      99,35.2,      96,34.2,      83,29.5,       3,1.1,      86,30.6,      60,24.4,6.2
269,DISTRICT,1140,CANON CITY RE-1,0000,All Schools,HS,     215,     186,      29,86.5,594,92,616,      46,24.7,     105,56.5,      31,16.7,       4,2.2,      35,18.8,      39,23.8,-5.0
270,DISTRICT,1150,FREMONT RE-2,0000,All Schools,All Grades,     303,     295,       8,97.4,579,97,575,     106,35.9,     118,40.0,      68,23.1,       3,1.0,      71,24.1,      62,22.5,1.6
271,DISTRICT,1150,FREMONT RE-2,0000,All Schools,05,     119,     118,       1,99.2,613,88,607,      31,26.3,      38,32.2,0,0.0,0,0.0,      49,41.5,      39,33.1,8.4
272,DISTRICT,1150,FREMONT RE-2,0000,All Schools,08,     102,     100,       2,98.0,536,96,529,      58,58.0,      30,30.0,0,0.0,0,0.0,      12,12.0,      11,13.9,-1.9
273,DISTRICT,1150,FREMONT RE-2,0000,All Schools,HS,      82,      77,       5,93.9,585,89,572,      17,22.1,      50,64.9,0,0.0,0,0.0,      10,13.0,      12,15.4,-2.4
274,DISTRICT,1160,COTOPAXI RE-3,0000,All Schools,All Grades,      58,      54,       4,93.1,614,97,630,      12,22.2,      25,46.3,0,0.0,0,0.0,      17,31.5,      16,36.4,-4.9
276,DISTRICT,1160,COTOPAXI RE-3,0000,All Schools,08,      20,      19,       1,95.0,610,92,636,0,0.0,0,0.0,0,0.0,0,0.0,0,0.0,       7,38.9,0.0
277,DISTRICT,1160,COTOPAXI RE-3,0000,All Schools,HS,      22,      20,       2,90.9,634,117,0,       5,25.0,       8,40.0,0,0.0,0,0.0,       7,35.0,0,0.0,0.0
278,DISTRICT,1180,ROARING FORK RE-1,0000,All Schools,All Grades,"   1,244",     924,     320,74.3,576,118,579,     335,36.3,     337,36.5,     225,24.4,      27,2.9,     252,27.3,     290,27.7,-0.4
279,DISTRICT,1180,ROARING FORK RE-1,0000,All Schools,05,     412,     405,       7,98.3,572,111,583,     146,36.0,     160,39.5,      88,21.7,      11,2.7,      99,24.4,     140,31.9,-7.5
280,DISTRICT,1180,ROARING FORK RE-1,0000,All Schools,08,     400,     384,      16,96.0,570,126,577,     157,40.9,     117,30.5,     100,26.0,      10,2.6,     110,28.6,      96,25.9,2.7
281,DISTRICT,1180,ROARING FORK RE-1,0000,All Schools,HS,     432,     135,     297,31.3,603,115,574,      32,23.7,      60,44.4,      37,27.4,       6,4.4,      43,31.9,      54,22.6,9.3
282,DISTRICT,1195,GARFIELD RE-2,0000,All Schools,All Grades,"   1,072",     938,     134,87.5,573,117,578,     357,38.1,     346,36.9,     215,22.9,      20,2.1,     235,25.1,     202,25.5,-0.4
283,DISTRICT,1195,GARFIELD RE-2,0000,All Schools,05,     380,     370,      10,97.4,603,101,567,      94,25.4,     158,42.7,     108,29.2,      10,2.7,     118,31.9,      79,22.3,9.6
284,DISTRICT,1195,GARFIELD RE-2,0000,All Schools,08,     375,     322,      53,85.9,571,123,582,     133,41.3,      98,30.4,0,0.0,0,0.0,      91,28.3,      83,29.4,-1.1
285,DISTRICT,1195,GARFIELD RE-2,0000,All Schools,HS,     317,     246,      71,77.6,530,117,593,     130,52.8,      90,36.6,0,0.0,0,0.0,      26,10.6,      40,25.8,-15.2
286,DISTRICT,1220,GARFIELD 16,0000,All Schools,All Grades,     290,     133,     157,45.9,559,99,549,      56,42.1,      53,39.8,0,0.0,0,0.0,      24,18.0,      17,13.4,4.6
287,DISTRICT,1220,GARFIELD 16,0000,All Schools,05,     110,      81,      29,73.6,551,94,550,      35,43.2,      34,42.0,0,0.0,0,0.0,      12,14.8,       6,9.5,5.3
288,DISTRICT,1220,GARFIELD 16,0000,All Schools,08,      92,      22,      70,23.9,563,123,509,      10,45.5,       6,27.3,0,0.0,0,0.0,       6,27.3,       5,14.3,13.0
289,DISTRICT,1220,GARFIELD 16,0000,All Schools,HS,      88,      30,      58,34.1,578,94,597,      11,36.7,      13,43.3,0,0.0,0,0.0,       6,20.0,       6,20.7,-0.7
290,DISTRICT,1330,GILPIN COUNTY RE-1,0000,All Schools,All Grades,     115,     106,       9,92.2,647,100,629,      19,17.9,      38,35.8,      39,36.8,      10,9.4,      49,46.2,      45,46.4,-0.2
291,DISTRICT,1330,GILPIN COUNTY RE-1,0000,All Schools,05,      43,      41,       2,95.3,663,100,657,       5,12.2,      14,34.1,      17,41.5,       5,12.2,      22,53.7,      24,58.5,-4.8
292,DISTRICT,1330,GILPIN COUNTY RE-1,0000,All Schools,08,      38,      37,       1,97.4,642,113,600,      10,27.0,       8,21.6,0,0.0,0,0.0,      19,51.4,      14,41.2,10.2
293,DISTRICT,1330,GILPIN COUNTY RE-1,0000,All Schools,HS,      34,      28,       6,82.4,629,79,621,       4,14.3,      16,57.1,0,0.0,0,0.0,       8,28.6,       7,31.8,-3.2
294,DISTRICT,1340,WEST GRAND 1-JT,0000,All Schools,All Grades,      98,      82,      16,83.7,545,101,588,      37,45.1,      36,43.9,0,0.0,0,0.0,       9,11.0,      14,17.7,-6.7
295,DISTRICT,1340,WEST GRAND 1-JT,0000,All Schools,05,      28,      28,       0,100.0,576,92,595,       9,32.1,      14,50.0,0,0.0,0,0.0,       5,17.9,0,0.0,0.0
296,DISTRICT,1340,WEST GRAND 1-JT,0000,All Schools,08,      26,      25,       1,96.2,528,93,591,      15,60.0,0,0.0,0,0.0,0,0.0,0,0.0,       7,28.0,0.0
297,DISTRICT,1340,WEST GRAND 1-JT,0000,All Schools,HS,      44,      29,      15,65.9,531,112,575,      13,44.8,0,0.0,0,0.0,0,0.0,0,0.0,0,0.0,0.0
298,DISTRICT,1350,EAST GRAND 2,0000,All Schools,All Grades,     318,     301,      17,94.7,599,117,614,      90,29.9,     106,35.2,      96,31.9,       9,3.0,     105,34.9,     114,39.3,-4.4
299,DISTRICT,1350,EAST GRAND 2,0000,All Schools,05,     110,     109,       1,99.1,600,102,625,      28,25.7,      42,38.5,0,0.0,0,0.0,      39,35.8,      46,41.4,-5.6
300,DISTRICT,1350,EAST GRAND 2,0000,All Schools,08,     118,     108,      10,91.5,619,110,599,      29,26.9,      36,33.3,      39,36.1,       4,3.7,      43,39.8,      38,38.0,1.8
301,DISTRICT,1350,EAST GRAND 2,0000,All Schools,HS,      90,      84,       6,93.3,570,137,617,      33,39.3,      28,33.3,0,0.0,0,0.0,      23,27.4,      30,38.0,-10.6
302,DISTRICT,1360,GUNNISON WATERSHED RE1J,0000,All Schools,All Grades,     501,     438,      63,87.4,610,102,609,     106,24.2,     172,39.3,     150,34.2,      10,2.3,     160,36.5,     156,37.7,-1.2
303,DISTRICT,1360,GUNNISON WATERSHED RE1J,0000,All Schools,05,     172,     166,       6,96.5,619,102,616,      33,19.9,      64,38.6,      63,38.0,       6,3.6,      69,41.6,      59,41.3,0.3
304,DISTRICT,1360,GUNNISON WATERSHED RE1J,0000,All Schools,08,     164,     161,       3,98.2,603,100,585,      47,29.2,      61,37.9,0,0.0,0,0.0,      53,32.9,      48,33.3,-0.4
305,DISTRICT,1360,GUNNISON WATERSHED RE1J,0000,All Schools,HS,     165,     111,      54,67.3,607,105,628,      26,23.4,      47,42.3,0,0.0,0,0.0,      38,34.2,      49,38.6,-4.4
310,DISTRICT,1390,HUERFANO RE-1,0000,All Schools,All Grades,     108,     100,       8,92.6,526,104,538,      55,55.0,      35,35.0,0,0.0,0,0.0,      10,10.0,      11,10.5,-0.5
311,DISTRICT,1390,HUERFANO RE-1,0000,All Schools,05,      42,      38,       4,90.5,525,109,545,      21,55.3,      11,28.9,0,0.0,0,0.0,       6,15.8,       4,12.5,3.3
312,DISTRICT,1390,HUERFANO RE-1,0000,All Schools,08,      36,      34,       2,94.4,488,97,508,      24,70.6,0,0.0,0,0.0,0,0.0,0,0.0,0,0.0,0.0
313,DISTRICT,1390,HUERFANO RE-1,0000,All Schools,HS,      30,      28,       2,93.3,572,88,573,      10,35.7,0,0.0,0,0.0,0,0.0,0,0.0,0,0.0,0.0
314,DISTRICT,1400,LA VETA RE-2,0000,All Schools,All Grades,      47,      28,      19,59.6,580,78,540,       9,32.1,      16,57.1,0,0.0,0,0.0,       3,10.7,       5,20.0,-9.3
318,DISTRICT,1410,NORTH PARK R-1,0000,All Schools,All Grades,      41,      38,       3,92.7,600,112,603,       9,23.7,      19,50.0,0,0.0,0,0.0,      10,26.3,       8,21.6,4.7
319,DISTRICT,1410,NORTH PARK R-1,0000,All Schools,05,      19,      18,       1,94.7,628,84,592,       3,16.7,      10,55.6,0,0.0,0,0.0,       5,27.8,0,0.0,0.0
322,DISTRICT,1420,JEFFERSON COUNTY R-1,0000,All Schools,All Grades,"  18,318","  15,573","   2,745",85.0,608,115,612,"   4,211",27.0,"   5,555",35.7,"   5,115",32.8,     692,4.4,"   5,807",37.3,"   6,371",39.1,-1.8
323,DISTRICT,1420,JEFFERSON COUNTY R-1,0000,All Schools,05,"   6,264","   6,138",     126,98.0,617,108,620,"   1,419",23.1,"   2,166",35.3,"   2,236",36.4,     317,5.2,"   2,553",41.6,"   2,651",42.9,-1.3
324,DISTRICT,1420,JEFFERSON COUNTY R-1,0000,All Schools,08,"   6,096","   5,534",     562,90.8,603,123,604,"   1,743",31.5,"   1,682",30.4,"   1,866",33.7,     243,4.4,"   2,109",38.1,"   2,273",39.7,-1.6
325,DISTRICT,1420,JEFFERSON COUNTY R-1,0000,All Schools,HS,"   5,958","   3,901","   2,057",65.5,602,113,611,"   1,049",26.9,"   1,707",43.8,"   1,013",26.0,     132,3.4,"   1,145",29.4,"   1,447",33.1,-3.7
326,DISTRICT,1430,EADS RE-1,0000,All Schools,All Grades,      37,      37,       0,100.0,623,89,645,       8,21.6,      14,37.8,0,0.0,0,0.0,      15,40.5,      16,45.7,-5.2
334,DISTRICT,1450,ARRIBA-FLAGLER C-20,0000,All Schools,All Grades,      30,      30,       0,100.0,583,66,582,       8,26.7,0,0.0,0,0.0,0,0.0,0,0.0,       7,20.0,0.0
338,DISTRICT,1460,HI-PLAINS R-23,0000,All Schools,All Grades,      17,      17,       0,100.0,587,73,551,       5,29.4,       9,52.9,0,0.0,0,0.0,       3,17.6,0,0.0,0.0
342,DISTRICT,1480,STRATTON R-4,0000,All Schools,All Grades,      36,      35,       1,97.2,594,81,597,      11,31.4,      17,48.6,0,0.0,0,0.0,       7,20.0,      12,27.3,-7.3
350,DISTRICT,1500,BURLINGTON RE-6J,0000,All Schools,All Grades,     165,      88,      77,53.3,539,100,531,      45,51.1,      33,37.5,0,0.0,0,0.0,      10,11.4,      15,13.8,-2.4
351,DISTRICT,1500,BURLINGTON RE-6J,0000,All Schools,05,      67,      56,      11,83.6,563,73,508,      24,42.9,      25,44.6,0,0.0,0,0.0,       7,12.5,       6,14.3,-1.8
352,DISTRICT,1500,BURLINGTON RE-6J,0000,All Schools,08,      57,      25,      32,43.9,514,123,517,0,0.0,0,0.0,0,0.0,0,0.0,0,0.0,       5,19.2,0.0
354,DISTRICT,1510,LAKE COUNTY R-1,0000,All Schools,All Grades,     235,     214,      21,91.1,531,119,531,     109,50.9,      70,32.7,0,0.0,0,0.0,      35,16.4,      19,10.2,6.2
355,DISTRICT,1510,LAKE COUNTY R-1,0000,All Schools,05,      80,      77,       3,96.3,510,124,505,      42,54.5,      22,28.6,0,0.0,0,0.0,      13,16.9,       7,10.3,6.6
356,DISTRICT,1510,LAKE COUNTY R-1,0000,All Schools,08,      74,      74,       0,100.0,528,119,537,      41,55.4,      20,27.0,0,0.0,0,0.0,      13,17.6,       7,10.9,6.7
357,DISTRICT,1510,LAKE COUNTY R-1,0000,All Schools,HS,      81,      63,      18,77.8,560,109,555,      26,41.3,      28,44.4,0,0.0,0,0.0,       9,14.3,       5,9.3,5.0
358,DISTRICT,1520,DURANGO 9-R,0000,All Schools,All Grades,"   1,106",     927,     179,83.8,617,107,629,     218,23.5,     356,38.4,     310,33.4,      43,4.6,     353,38.1,     413,43.0,-4.9
359,DISTRICT,1520,DURANGO 9-R,0000,All Schools,05,     391,     369,      22,94.4,624,102,634,      78,21.1,     130,35.2,     142,38.5,      19,5.1,     161,43.6,     185,47.3,-3.7
360,DISTRICT,1520,DURANGO 9-R,0000,All Schools,08,     375,     308,      67,82.1,596,123,615,     104,33.8,      94,30.5,      96,31.2,      14,4.5,     110,35.7,     122,39.6,-3.9
361,DISTRICT,1520,DURANGO 9-R,0000,All Schools,HS,     340,     250,      90,73.5,635,89,639,      36,14.4,     132,52.8,      72,28.8,      10,4.0,      82,32.8,     106,40.5,-7.7
362,DISTRICT,1530,BAYFIELD 10 JT-R,0000,All Schools,All Grades,     282,     252,      30,89.4,565,103,594,      99,39.3,     108,42.9,0,0.0,0,0.0,      45,17.9,      81,28.8,-10.9
363,DISTRICT,1530,BAYFIELD 10 JT-R,0000,All Schools,05,     121,     117,       4,96.7,562,99,587,      46,39.3,      50,42.7,0,0.0,0,0.0,      21,17.9,      35,27.6,-9.7
364,DISTRICT,1530,BAYFIELD 10 JT-R,0000,All Schools,08,      99,      98,       1,99.0,559,113,596,      44,44.9,      36,36.7,0,0.0,0,0.0,      18,18.4,      30,32.3,-13.9
365,DISTRICT,1530,BAYFIELD 10 JT-R,0000,All Schools,HS,      62,      37,      25,59.7,594,83,606,       9,24.3,      22,59.5,0,0.0,0,0.0,       6,16.2,      16,26.2,-10.0
366,DISTRICT,1540,IGNACIO 11 JT,0000,All Schools,All Grades,     177,     170,       7,96.0,581,92,534,      51,30.0,      88,51.8,0,0.0,0,0.0,      31,18.2,      23,14.8,3.4
367,DISTRICT,1540,IGNACIO 11 JT,0000,All Schools,05,      64,      63,       1,98.4,578,95,520,      21,33.3,      29,46.0,0,0.0,0,0.0,      13,20.6,       9,18.0,2.6
368,DISTRICT,1540,IGNACIO 11 JT,0000,All Schools,08,      56,      52,       4,92.9,584,98,535,      16,30.8,      26,50.0,0,0.0,0,0.0,      10,19.2,       8,14.0,5.2
369,DISTRICT,1540,IGNACIO 11 JT,0000,All Schools,HS,      57,      55,       2,96.5,581,83,547,      14,25.5,      33,60.0,0,0.0,0,0.0,       8,14.5,       6,12.5,2.0
370,DISTRICT,1550,POUDRE R-1,0000,All Schools,All Grades,"   6,549","   4,570","   1,979",69.8,632,112,628,     918,20.1,"   1,465",32.1,"   1,868",40.9,     319,7.0,"   2,187",47.9,"   2,145",47.6,0.3
371,DISTRICT,1550,POUDRE R-1,0000,All Schools,05,"   2,334","   2,285",      49,97.9,644,100,642,     334,14.6,     769,33.7,     992,43.4,     190,8.3,"   1,182",51.7,"   1,167",52.0,-0.3
372,DISTRICT,1550,POUDRE R-1,0000,All Schools,08,"   2,216","   1,833",     383,82.7,619,121,609,     470,25.6,     534,29.1,     732,39.9,      97,5.3,     829,45.2,     799,43.0,2.2
373,DISTRICT,1550,POUDRE R-1,0000,All Schools,HS,"   1,999",     452,"   1,547",22.6,624,123,636,     114,25.2,     162,35.8,     144,31.9,      32,7.1,     176,38.9,     179,44.6,-5.7
374,DISTRICT,1560,THOMPSON R2-J,0000,All Schools,All Grades,"   3,476","   2,947",     529,84.8,594,113,596,     863,29.3,"   1,183",40.1,     819,27.8,      82,2.8,     901,30.6,     822,32.7,-2.1
375,DISTRICT,1560,THOMPSON R2-J,0000,All Schools,05,"   1,196","   1,158",      38,96.8,604,103,611,     288,24.9,     460,39.7,     373,32.2,      37,3.2,     410,35.4,     420,36.9,-1.5
376,DISTRICT,1560,THOMPSON R2-J,0000,All Schools,08,"   1,131",     955,     176,84.4,578,132,579,     360,37.7,     291,30.5,     272,28.5,      32,3.4,     304,31.8,     259,30.1,1.7
377,DISTRICT,1560,THOMPSON R2-J,0000,All Schools,HS,"   1,149",     834,     315,72.6,597,101,592,     215,25.8,     432,51.8,     174,20.9,      13,1.6,     187,22.4,     143,27.6,-5.2
378,DISTRICT,1570,ESTES PARK R-3,0000,All Schools,All Grades,     244,     226,      18,92.6,595,101,597,      65,28.8,     102,45.1,      55,24.3,       4,1.8,      59,26.1,      73,36.1,-10.0
379,DISTRICT,1570,ESTES PARK R-3,0000,All Schools,05,      82,      79,       3,96.3,598,88,600,      22,27.8,      36,45.6,0,0.0,0,0.0,      21,26.6,      23,33.8,-7.2
380,DISTRICT,1570,ESTES PARK R-3,0000,All Schools,08,      93,      90,       3,96.8,575,117,603,      36,40.0,      33,36.7,0,0.0,0,0.0,      21,23.3,      35,44.3,-21.0
381,DISTRICT,1570,ESTES PARK R-3,0000,All Schools,HS,      69,      57,      12,82.6,621,85,585,       7,12.3,      33,57.9,0,0.0,0,0.0,      17,29.8,      15,27.3,2.5
382,DISTRICT,1580,TRINIDAD 1,0000,All Schools,All Grades,     213,     207,       6,97.2,567,106,557,      83,40.1,      84,40.6,      37,17.9,       3,1.4,      40,19.3,      26,12.1,7.2
383,DISTRICT,1580,TRINIDAD 1,0000,All Schools,05,      77,      77,       0,100.0,600,92,557,      22,28.6,      29,37.7,0,0.0,0,0.0,      26,33.8,0,0.0,0.0
384,DISTRICT,1580,TRINIDAD 1,0000,All Schools,08,      77,      74,       3,96.1,501,104,508,      52,70.3,      16,21.6,0,0.0,0,0.0,       6,8.1,0,0.0,0.0
385,DISTRICT,1580,TRINIDAD 1,0000,All Schools,HS,      59,      56,       3,94.9,608,84,607,       9,16.1,      39,69.6,0,0.0,0,0.0,       8,14.3,      14,20.9,-6.6
386,DISTRICT,1590,PRIMERO REORGANIZED 2,0000,All Schools,All Grades,      34,      33,       1,97.1,600,74,590,       7,21.2,      18,54.5,0,0.0,0,0.0,       8,24.2,      11,24.4,-0.2
387,DISTRICT,1590,PRIMERO REORGANIZED 2,0000,All Schools,05,      20,      20,       0,100.0,604,71,616,       3,15.0,      12,60.0,0,0.0,0,0.0,       5,25.0,       6,35.3,-10.3
390,DISTRICT,1600,HOEHNE REORGANIZED 3,0000,All Schools,All Grades,      85,      85,       0,100.0,564,98,619,      32,37.6,      42,49.4,0,0.0,0,0.0,      11,12.9,      25,31.3,-18.4
391,DISTRICT,1600,HOEHNE REORGANIZED 3,0000,All Schools,05,      28,      28,       0,100.0,583,106,631,       7,25.0,      15,53.6,0,0.0,0,0.0,       6,21.4,      10,41.7,-20.3
392,DISTRICT,1600,HOEHNE REORGANIZED 3,0000,All Schools,08,      31,      31,       0,100.0,542,72,610,      16,51.6,0,0.0,0,0.0,0,0.0,0,0.0,      11,32.4,0.0
393,DISTRICT,1600,HOEHNE REORGANIZED 3,0000,All Schools,HS,      26,      26,       0,100.0,568,114,620,       9,34.6,0,0.0,0,0.0,0,0.0,0,0.0,       4,18.2,0.0
394,DISTRICT,1620,AGUILAR REORGANIZED 6,0000,All Schools,All Grades,      29,      28,       1,96.6,523,118,577,      18,64.3,       4,14.3,0,0.0,0,0.0,       6,21.4,0,0.0,0.0
398,DISTRICT,1750,BRANSON REORGANIZED 82,0000,All Schools,All Grades,     122,      87,      35,71.3,629,85,610,      17,19.5,      37,42.5,0,0.0,0,0.0,      33,37.9,      22,27.8,10.1
399,DISTRICT,1750,BRANSON REORGANIZED 82,0000,All Schools,05,      22,      17,       5,77.3,644,93,600,0,0.0,0,0.0,0,0.0,0,0.0,       7,41.2,       4,22.2,19.0
400,DISTRICT,1750,BRANSON REORGANIZED 82,0000,All Schools,08,      56,      44,      12,78.6,627,86,607,      10,22.7,      16,36.4,0,0.0,0,0.0,      18,40.9,      11,29.7,11.2
401,DISTRICT,1750,BRANSON REORGANIZED 82,0000,All Schools,HS,      44,      26,      18,59.1,623,81,623,0,0.0,0,0.0,0,0.0,0,0.0,       8,30.8,       7,29.2,1.6
406,DISTRICT,1780,GENOA-HUGO C113,0000,All Schools,All Grades,      30,      30,       0,100.0,597,80,633,       6,20.0,      18,60.0,0,0.0,0,0.0,       6,20.0,      16,42.1,-22.1
410,DISTRICT,1790,LIMON RE-4J,0000,All Schools,All Grades,      97,      97,       0,100.0,618,89,639,      16,16.5,      46,47.4,0,0.0,0,0.0,      35,36.1,      49,45.4,-9.3
411,DISTRICT,1790,LIMON RE-4J,0000,All Schools,05,      43,      43,       0,100.0,616,100,652,       9,20.9,      16,37.2,0,0.0,0,0.0,      18,41.9,      15,51.7,-9.8
412,DISTRICT,1790,LIMON RE-4J,0000,All Schools,08,      29,      29,       0,100.0,598,82,644,0,0.0,0,0.0,0,0.0,0,0.0,       7,24.1,      23,53.5,-29.4
413,DISTRICT,1790,LIMON RE-4J,0000,All Schools,HS,      25,      25,       0,100.0,645,73,625,0,0.0,0,0.0,0,0.0,0,0.0,      10,40.0,      11,30.6,9.4
418,DISTRICT,1828,VALLEY RE-1,0000,All Schools,All Grades,     461,     452,       9,98.0,596,96,612,     116,25.7,     218,48.2,     113,25.0,       5,1.1,     118,26.1,     152,32.3,-6.2
419,DISTRICT,1828,VALLEY RE-1,0000,All Schools,05,     162,     162,       0,100.0,604,97,615,      35,21.6,      74,45.7,0,0.0,0,0.0,      53,32.7,      64,37.2,-4.5
420,DISTRICT,1828,VALLEY RE-1,0000,All Schools,08,     175,     167,       8,95.4,573,103,598,      61,36.5,      69,41.3,0,0.0,0,0.0,      37,22.2,      45,29.8,-7.6
421,DISTRICT,1828,VALLEY RE-1,0000,All Schools,HS,     124,     123,       1,99.2,616,76,623,      20,16.3,      75,61.0,0,0.0,0,0.0,      28,22.8,      43,29.1,-6.3
422,DISTRICT,1850,FRENCHMAN RE-3,0000,All Schools,All Grades,      48,      44,       4,91.7,605,93,605,       9,20.5,      21,47.7,0,0.0,0,0.0,      14,31.8,       7,28.0,3.8
423,DISTRICT,1850,FRENCHMAN RE-3,0000,All Schools,05,      19,      17,       2,89.5,631,80,0,0,0.0,0,0.0,0,0.0,0,0.0,0,0.0,0,0.0,0.0
424,DISTRICT,1850,FRENCHMAN RE-3,0000,All Schools,08,      18,      18,       0,100.0,609,111,0,       4,22.2,       7,38.9,0,0.0,0,0.0,       7,38.9,0,0.0,0.0
430,DISTRICT,1870,PLATEAU RE-5,0000,All Schools,All Grades,      29,      28,       1,96.6,623,93,639,       5,17.9,      10,35.7,0,0.0,0,0.0,      13,46.4,       7,25.9,20.5
434,DISTRICT,1980,DE BEQUE 49JT,0000,All Schools,All Grades,      38,      35,       3,92.1,563,94,557,      13,37.1,      18,51.4,0,0.0,0,0.0,       4,11.4,       8,19.0,-7.6
438,DISTRICT,1990,PLATEAU VALLEY 50,0000,All Schools,All Grades,     106,     100,       6,94.3,573,93,569,      37,37.0,      49,49.0,0,0.0,0,0.0,      14,14.0,      16,14.7,-0.7
440,DISTRICT,1990,PLATEAU VALLEY 50,0000,All Schools,08,      25,      22,       3,88.0,556,131,568,0,0.0,0,0.0,0,0.0,0,0.0,0,0.0,0,0.0,0.0
441,DISTRICT,1990,PLATEAU VALLEY 50,0000,All Schools,HS,      64,      63,       1,98.4,585,78,578,      18,28.6,      39,61.9,0,0.0,0,0.0,       6,9.5,       9,13.4,-3.9
442,DISTRICT,2000,MESA COUNTY VALLEY 51,0000,All Schools,All Grades,"   4,869","   4,027",     842,82.7,571,114,575,"   1,540",38.2,"   1,535",38.1,     872,21.7,      80,2.0,     952,23.6,     983,25.2,-1.6
443,DISTRICT,2000,MESA COUNTY VALLEY 51,0000,All Schools,05,"   1,683","   1,627",      56,96.7,590,100,586,     496,30.5,     675,41.5,     418,25.7,      38,2.3,     456,28.0,     483,28.7,-0.7
444,DISTRICT,2000,MESA COUNTY VALLEY 51,0000,All Schools,08,"   1,654","   1,467",     187,88.7,553,122,555,     692,47.2,     451,30.7,     302,20.6,      22,1.5,     324,22.1,     336,23.5,-1.4
445,DISTRICT,2000,MESA COUNTY VALLEY 51,0000,All Schools,HS,"   1,532",     933,     599,60.9,565,119,587,     352,37.7,     409,43.8,     152,16.3,      20,2.1,     172,18.4,     164,20.7,-2.3
446,DISTRICT,2010,CREEDE SCHOOL DISTRICT,0000,All Schools,All Grades,      17,      17,       0,100.0,578,119,618,       6,35.3,       6,35.3,0,0.0,0,0.0,       5,29.4,       4,19.0,10.4
450,DISTRICT,2020,MOFFAT COUNTY RE:NO 1,0000,All Schools,All Grades,     395,     322,      73,81.5,562,113,561,     134,41.6,     113,35.1,      68,21.1,       7,2.2,      75,23.3,      79,19.9,3.4
451,DISTRICT,2020,MOFFAT COUNTY RE:NO 1,0000,All Schools,05,     150,     145,       5,96.7,590,111,594,      48,33.1,      45,31.0,0,0.0,0,0.0,      52,35.9,      47,28.5,7.4
452,DISTRICT,2020,MOFFAT COUNTY RE:NO 1,0000,All Schools,08,     131,      99,      32,75.6,523,120,501,      54,54.5,      30,30.3,0,0.0,0,0.0,      15,15.2,      16,12.9,2.3
453,DISTRICT,2020,MOFFAT COUNTY RE:NO 1,0000,All Schools,HS,     114,      78,      36,68.4,558,92,580,      32,41.0,      38,48.7,0,0.0,0,0.0,       8,10.3,      16,14.8,-4.5
454,DISTRICT,2035,MONTEZUMA-CORTEZ RE-1,0000,All Schools,All Grades,     534,     509,      25,95.3,553,117,546,     225,44.2,     186,36.5,      92,18.1,       6,1.2,      98,19.3,      80,14.7,4.6
455,DISTRICT,2035,MONTEZUMA-CORTEZ RE-1,0000,All Schools,05,     183,     181,       2,98.9,550,113,555,      79,43.6,      61,33.7,0,0.0,0,0.0,      41,22.7,      35,16.5,6.2
456,DISTRICT,2035,MONTEZUMA-CORTEZ RE-1,0000,All Schools,08,     166,     163,       3,98.2,549,129,524,      80,49.1,      45,27.6,0,0.0,0,0.0,      38,23.3,      26,14.5,8.8
457,DISTRICT,2035,MONTEZUMA-CORTEZ RE-1,0000,All Schools,HS,     185,     165,      20,89.2,559,108,558,      66,40.0,      80,48.5,0,0.0,0,0.0,      19,11.5,      19,12.3,-0.8
458,DISTRICT,2055,DOLORES RE-4A,0000,All Schools,All Grades,     160,     147,      13,91.9,581,96,592,      50,34.0,      64,43.5,0,0.0,0,0.0,      33,22.4,      36,29.8,-7.4
459,DISTRICT,2055,DOLORES RE-4A,0000,All Schools,05,      63,      59,       4,93.7,589,95,601,      18,30.5,      27,45.8,0,0.0,0,0.0,      14,23.7,      17,35.4,-11.7
460,DISTRICT,2055,DOLORES RE-4A,0000,All Schools,08,      63,      59,       4,93.7,565,106,573,      25,42.4,      21,35.6,0,0.0,0,0.0,      13,22.0,       9,22.0,0.0
461,DISTRICT,2055,DOLORES RE-4A,0000,All Schools,HS,      34,      29,       5,85.3,597,74,603,       7,24.1,      16,55.2,0,0.0,0,0.0,       6,20.7,      10,31.3,-10.6
466,DISTRICT,2180,MONTROSE COUNTY RE-1J,0000,All Schools,All Grades,"   1,372","   1,286",      86,93.7,586,105,577,     423,32.9,     522,40.6,     317,24.7,      24,1.9,     341,26.5,     290,22.8,3.7
467,DISTRICT,2180,MONTROSE COUNTY RE-1J,0000,All Schools,05,     481,     479,       2,99.6,587,109,578,     151,31.5,     174,36.3,     142,29.6,      12,2.5,     154,32.2,     114,25.9,6.3
468,DISTRICT,2180,MONTROSE COUNTY RE-1J,0000,All Schools,08,     440,     423,      17,96.1,584,112,572,     155,36.6,     140,33.1,     121,28.6,       7,1.7,     128,30.3,     104,24.6,5.7
469,DISTRICT,2180,MONTROSE COUNTY RE-1J,0000,All Schools,HS,     451,     384,      67,85.1,587,91,581,     117,30.5,     208,54.2,      54,14.1,       5,1.3,      59,15.4,      72,17.6,-2.2
470,DISTRICT,2190,WEST END RE-2,0000,All Schools,All Grades,      65,      65,       0,100.0,569,89,557,      26,40.0,      30,46.2,0,0.0,0,0.0,       9,13.8,       7,13.5,0.3
471,DISTRICT,2190,WEST END RE-2,0000,All Schools,05,      27,      27,       0,100.0,579,78,531,      11,40.7,      11,40.7,0,0.0,0,0.0,       5,18.5,0,0.0,0.0
472,DISTRICT,2190,WEST END RE-2,0000,All Schools,08,      21,      21,       0,100.0,534,109,544,      12,57.1,0,0.0,0,0.0,0,0.0,0,0.0,0,0.0,0.0
473,DISTRICT,2190,WEST END RE-2,0000,All Schools,HS,      17,      17,       0,100.0,597,67,0,       3,17.6,0,0.0,0,0.0,0,0.0,0,0.0,0,0.0,0.0
474,DISTRICT,2395,BRUSH RE-2(J),0000,All Schools,All Grades,     321,     246,      75,76.6,552,104,554,     103,41.9,     104,42.3,0,0.0,0,0.0,      39,15.9,      45,16.8,-0.9
475,DISTRICT,2395,BRUSH RE-2(J),0000,All Schools,05,     101,      96,       5,95.0,557,94,523,      40,41.7,      38,39.6,0,0.0,0,0.0,      18,18.8,      14,12.4,6.4
476,DISTRICT,2395,BRUSH RE-2(J),0000,All Schools,08,     113,     109,       4,96.5,552,106,559,      45,41.3,      47,43.1,0,0.0,0,0.0,      17,15.6,      14,15.2,0.4
477,DISTRICT,2395,BRUSH RE-2(J),0000,All Schools,HS,     107,      41,      66,38.3,539,122,600,      18,43.9,      19,46.3,0,0.0,0,0.0,       4,9.8,      17,27.0,-17.2
478,DISTRICT,2405,FORT MORGAN RE-3,0000,All Schools,All Grades,     695,     684,      11,98.4,561,114,569,     280,40.9,     264,38.6,     130,19.0,      10,1.5,     140,20.5,     122,18.6,1.9
479,DISTRICT,2405,FORT MORGAN RE-3,0000,All Schools,05,     244,     243,       1,99.6,567,114,575,      95,39.1,      90,37.0,      53,21.8,       5,2.1,      58,23.9,      55,24.9,-1.0
480,DISTRICT,2405,FORT MORGAN RE-3,0000,All Schools,08,     232,     230,       2,99.1,572,111,560,      86,37.4,      87,37.8,0,0.0,0,0.0,      57,24.8,      36,15.9,8.9
481,DISTRICT,2405,FORT MORGAN RE-3,0000,All Schools,HS,     219,     211,       8,96.3,542,115,574,      99,46.9,      87,41.2,0,0.0,0,0.0,      25,11.8,      31,14.8,-3.0
482,DISTRICT,2505,WELDON VALLEY RE-20(J),0000,All Schools,All Grades,      44,      41,       3,93.2,572,72,567,      13,31.7,      22,53.7,0,0.0,0,0.0,       6,14.6,      13,26.0,-11.4
483,DISTRICT,2505,WELDON VALLEY RE-20(J),0000,All Schools,05,      16,      16,       0,100.0,559,47,618,       6,37.5,0,0.0,0,0.0,0,0.0,0,0.0,       8,44.4,0.0
486,DISTRICT,2515,WIGGINS RE-50(J),0000,All Schools,All Grades,     149,     142,       7,95.3,575,93,611,      49,34.5,      63,44.4,0,0.0,0,0.0,      30,21.1,      38,28.4,-7.3
487,DISTRICT,2515,WIGGINS RE-50(J),0000,All Schools,05,      67,      64,       3,95.5,579,101,599,      20,31.3,      27,42.2,0,0.0,0,0.0,      17,26.6,      13,28.3,-1.7
488,DISTRICT,2515,WIGGINS RE-50(J),0000,All Schools,08,      53,      50,       3,94.3,562,93,616,      23,46.0,      18,36.0,0,0.0,0,0.0,       9,18.0,      15,32.6,-14.6
489,DISTRICT,2515,WIGGINS RE-50(J),0000,All Schools,HS,      29,      28,       1,96.6,593,68,619,       6,21.4,      18,64.3,0,0.0,0,0.0,       4,14.3,      10,23.8,-9.5
490,DISTRICT,2520,EAST OTERO R-1,0000,All Schools,All Grades,     343,     335,       8,97.7,530,103,540,     172,51.3,     139,41.5,0,0.0,0,0.0,      24,7.2,      28,9.6,-2.4
491,DISTRICT,2520,EAST OTERO R-1,0000,All Schools,05,     123,     121,       2,98.4,498,104,526,      77,63.6,      38,31.4,0,0.0,0,0.0,       6,5.0,       8,7.3,-2.3
492,DISTRICT,2520,EAST OTERO R-1,0000,All Schools,08,     123,     121,       2,98.4,539,104,524,      58,47.9,      53,43.8,0,0.0,0,0.0,      10,8.3,       9,8.6,-0.3
493,DISTRICT,2520,EAST OTERO R-1,0000,All Schools,HS,      97,      93,       4,95.9,559,89,580,      37,39.8,      48,51.6,0,0.0,0,0.0,       8,8.6,      11,14.3,-5.7
494,DISTRICT,2530,ROCKY FORD R-2,0000,All Schools,All Grades,     158,     156,       2,98.7,565,107,547,      63,40.4,      63,40.4,0,0.0,0,0.0,      30,19.2,      30,15.9,3.3
495,DISTRICT,2530,ROCKY FORD R-2,0000,All Schools,05,      57,      57,       0,100.0,554,106,566,      26,45.6,      21,36.8,0,0.0,0,0.0,      10,17.5,      14,18.7,-1.2
496,DISTRICT,2530,ROCKY FORD R-2,0000,All Schools,08,      57,      56,       1,98.2,571,115,509,      22,39.3,      20,35.7,0,0.0,0,0.0,      14,25.0,       8,11.0,14.0
497,DISTRICT,2530,ROCKY FORD R-2,0000,All Schools,HS,      44,      43,       1,97.7,572,99,578,      15,34.9,      22,51.2,0,0.0,0,0.0,       6,14.0,       8,19.5,-5.5
498,DISTRICT,2535,MANZANOLA 3J,0000,All Schools,All Grades,      33,      33,       0,100.0,579,113,584,      15,45.5,       9,27.3,0,0.0,0,0.0,       9,27.3,       6,17.6,9.7
502,DISTRICT,2540,FOWLER R-4J,0000,All Schools,All Grades,      74,      73,       1,98.6,612,101,623,      15,20.5,      30,41.1,0,0.0,0,0.0,      28,38.4,      27,31.8,6.6
503,DISTRICT,2540,FOWLER R-4J,0000,All Schools,05,      26,      26,       0,100.0,576,105,582,       7,26.9,      14,53.8,0,0.0,0,0.0,       5,19.2,       4,17.4,1.8
504,DISTRICT,2540,FOWLER R-4J,0000,All Schools,08,      27,      26,       1,96.3,647,96,612,       4,15.4,       4,15.4,0,0.0,0,0.0,      18,69.2,       9,31.0,38.2
505,DISTRICT,2540,FOWLER R-4J,0000,All Schools,HS,      21,      21,       0,100.0,612,92,661,       4,19.0,      12,57.1,0,0.0,0,0.0,       5,23.8,      14,42.4,-18.6
506,DISTRICT,2560,CHERAW 31,0000,All Schools,All Grades,      45,      42,       3,93.3,557,98,601,      22,52.4,      12,28.6,0,0.0,0,0.0,       8,19.0,      12,27.3,-8.3
508,DISTRICT,2560,CHERAW 31,0000,All Schools,08,      18,      18,       0,100.0,544,88,0,       9,50.0,0,0.0,0,0.0,0,0.0,0,0.0,0,0.0,0.0
510,DISTRICT,2570,SWINK 33,0000,All Schools,All Grades,      63,      63,       0,100.0,651,102,637,      10,15.9,      24,38.1,      23,36.5,       6,9.5,      29,46.0,      33,40.7,5.3
511,DISTRICT,2570,SWINK 33,0000,All Schools,05,      17,      17,       0,100.0,744,74,700,0,0.0,0,0.0,0,0.0,0,0.0,      16,94.1,      18,64.3,29.8
512,DISTRICT,2570,SWINK 33,0000,All Schools,08,      26,      26,       0,100.0,634,97,574,       7,26.9,       9,34.6,0,0.0,0,0.0,      10,38.5,       5,19.2,19.3
513,DISTRICT,2570,SWINK 33,0000,All Schools,HS,      20,      20,       0,100.0,596,76,632,0,0.0,0,0.0,0,0.0,0,0.0,       3,15.0,      10,37.0,-22.0
514,DISTRICT,2580,OURAY R-1,0000,All Schools,All Grades,      42,      42,       0,100.0,630,93,653,       8,19.0,      15,35.7,0,0.0,0,0.0,      19,45.2,      19,51.4,-6.2
515,DISTRICT,2580,OURAY R-1,0000,All Schools,05,      16,      16,       0,100.0,642,94,0,0,0.0,0,0.0,0,0.0,0,0.0,      10,62.5,0,0.0,0.0
518,DISTRICT,2590,RIDGWAY R-2,0000,All Schools,All Grades,      83,      77,       6,92.8,654,105,641,       9,11.7,      26,33.8,      36,46.8,       6,7.8,      42,54.5,      35,52.2,2.3
519,DISTRICT,2590,RIDGWAY R-2,0000,All Schools,05,      23,      23,       0,100.0,649,61,678,0,0.0,0,0.0,0,0.0,0,0.0,      11,47.8,      18,72.0,-24.2
520,DISTRICT,2590,RIDGWAY R-2,0000,All Schools,08,      34,      30,       4,88.2,655,115,609,       5,16.7,       9,30.0,0,0.0,0,0.0,      16,53.3,       6,30.0,23.3
521,DISTRICT,2590,RIDGWAY R-2,0000,All Schools,HS,      26,      24,       2,92.3,658,126,628,0,0.0,0,0.0,      12,50.0,       3,12.5,      15,62.5,      11,50.0,12.5
522,DISTRICT,2600,PLATTE CANYON 1,0000,All Schools,All Grades,     187,     174,      13,93.0,638,106,634,      32,18.4,      63,36.2,      67,38.5,      12,6.9,      79,45.4,      88,44.7,0.7
523,DISTRICT,2600,PLATTE CANYON 1,0000,All Schools,05,      63,      59,       4,93.7,586,112,627,      19,32.2,      21,35.6,0,0.0,0,0.0,      19,32.2,      33,54.1,-21.9
524,DISTRICT,2600,PLATTE CANYON 1,0000,All Schools,08,      67,      63,       4,94.0,679,102,672,       6,9.5,      18,28.6,0,0.0,0,0.0,      39,61.9,      37,52.1,9.8
525,DISTRICT,2600,PLATTE CANYON 1,0000,All Schools,HS,      57,      52,       5,91.2,648,78,601,       7,13.5,      24,46.2,0,0.0,0,0.0,      21,40.4,      18,27.7,12.7
526,DISTRICT,2610,PARK COUNTY RE-2,0000,All Schools,All Grades,     127,     120,       7,94.5,600,103,599,      35,29.2,      45,37.5,      37,30.8,       3,2.5,      40,33.3,      40,29.4,3.9
527,DISTRICT,2610,PARK COUNTY RE-2,0000,All Schools,05,      61,      60,       1,98.4,631,88,592,       6,10.0,      28,46.7,0,0.0,0,0.0,      26,43.3,      17,25.8,17.5
528,DISTRICT,2610,PARK COUNTY RE-2,0000,All Schools,08,      41,      38,       3,92.7,557,106,581,      21,55.3,       8,21.1,0,0.0,0,0.0,       9,23.7,      10,28.6,-4.9
529,DISTRICT,2610,PARK COUNTY RE-2,0000,All Schools,HS,      25,      22,       3,88.0,592,111,632,       8,36.4,       9,40.9,0,0.0,0,0.0,       5,22.7,      13,37.1,-14.4
530,DISTRICT,2620,HOLYOKE RE-1J,0000,All Schools,All Grades,     131,     128,       3,97.7,605,92,599,      29,22.7,      58,45.3,0,0.0,0,0.0,      41,32.0,      45,33.1,-1.1
531,DISTRICT,2620,HOLYOKE RE-1J,0000,All Schools,05,      41,      41,       0,100.0,611,97,596,       8,19.5,      18,43.9,0,0.0,0,0.0,      15,36.6,      18,37.5,-0.9
532,DISTRICT,2620,HOLYOKE RE-1J,0000,All Schools,08,      46,      45,       1,97.8,592,107,598,      16,35.6,      11,24.4,0,0.0,0,0.0,      18,40.0,      18,36.7,3.3
533,DISTRICT,2620,HOLYOKE RE-1J,0000,All Schools,HS,      44,      42,       2,95.5,613,68,603,       5,11.9,      29,69.0,0,0.0,0,0.0,       8,19.0,       9,23.1,-4.1
534,DISTRICT,2630,HAXTUN RE-2J,0000,All Schools,All Grades,      74,      32,      42,43.2,548,97,610,      17,53.1,      10,31.3,0,0.0,0,0.0,       5,15.6,       7,30.4,-14.8
538,DISTRICT,2640,ASPEN 1,0000,All Schools,All Grades,     386,     241,     145,62.4,620,93,621,      47,19.5,      96,39.8,      92,38.2,       6,2.5,      98,40.7,     128,41.0,-0.3
539,DISTRICT,2640,ASPEN 1,0000,All Schools,05,     119,     107,      12,89.9,612,101,615,      23,21.5,      41,38.3,0,0.0,0,0.0,      43,40.2,      54,43.2,-3.0
540,DISTRICT,2640,ASPEN 1,0000,All Schools,08,     126,      91,      35,72.2,619,82,608,      18,19.8,      38,41.8,0,0.0,0,0.0,      35,38.5,      37,35.9,2.6
541,DISTRICT,2640,ASPEN 1,0000,All Schools,HS,     141,      43,      98,30.5,640,96,646,       6,14.0,      17,39.5,0,0.0,0,0.0,      20,46.5,      37,44.0,2.5
542,DISTRICT,2650,GRANADA RE-1,0000,All Schools,All Grades,      39,      39,       0,100.0,590,85,583,      13,33.3,      17,43.6,0,0.0,0,0.0,       9,23.1,      10,20.4,2.7
544,DISTRICT,2650,GRANADA RE-1,0000,All Schools,08,      19,      19,       0,100.0,605,103,565,       6,31.6,0,0.0,0,0.0,0,0.0,0,0.0,0,0.0,0.0
546,DISTRICT,2660,LAMAR RE-2,0000,All Schools,All Grades,     332,     323,       9,97.3,560,108,562,     138,42.7,     123,38.1,      59,18.3,       3,0.9,      62,19.2,      52,16.5,2.7
547,DISTRICT,2660,LAMAR RE-2,0000,All Schools,05,     123,     120,       3,97.6,588,105,574,      38,31.7,      48,40.0,0,0.0,0,0.0,      34,28.3,      30,28.6,-0.3
548,DISTRICT,2660,LAMAR RE-2,0000,All Schools,08,     110,     105,       5,95.5,515,112,542,      66,62.9,      24,22.9,0,0.0,0,0.0,      15,14.3,      15,13.8,0.5
549,DISTRICT,2660,LAMAR RE-2,0000,All Schools,HS,      99,      98,       1,99.0,574,90,572,      34,34.7,      51,52.0,0,0.0,0,0.0,      13,13.3,       7,6.9,6.4
550,DISTRICT,2670,HOLLY RE-3,0000,All Schools,All Grades,      64,      54,      10,84.4,541,83,558,      30,55.6,      21,38.9,0,0.0,0,0.0,       3,5.6,       7,9.6,-4.0
551,DISTRICT,2670,HOLLY RE-3,0000,All Schools,05,      24,      21,       3,87.5,544,75,561,      12,57.1,0,0.0,0,0.0,0,0.0,0,0.0,0,0.0,0.0
552,DISTRICT,2670,HOLLY RE-3,0000,All Schools,08,      22,      16,       6,72.7,506,92,532,      12,75.0,0,0.0,0,0.0,0,0.0,0,0.0,0,0.0,0.0
553,DISTRICT,2670,HOLLY RE-3,0000,All Schools,HS,      18,      17,       1,94.4,571,74,581,       6,35.3,0,0.0,0,0.0,0,0.0,0,0.0,0,0.0,0.0
554,DISTRICT,2680,WILEY RE-13 JT,0000,All Schools,All Grades,      46,      46,       0,100.0,590,98,591,      12,26.1,      20,43.5,0,0.0,0,0.0,      14,30.4,      12,26.1,4.3
556,DISTRICT,2680,WILEY RE-13 JT,0000,All Schools,08,      21,      21,       0,100.0,560,105,0,       9,42.9,       8,38.1,0,0.0,0,0.0,       4,19.0,0,0.0,0.0
558,DISTRICT,2690,PUEBLO CITY 60,0000,All Schools,All Grades,"   3,417","   3,052",     365,89.3,549,113,550,"   1,451",47.5,"   1,058",34.7,     508,16.6,      35,1.1,     543,17.8,     508,17.7,0.1
559,DISTRICT,2690,PUEBLO CITY 60,0000,All Schools,05,"   1,497","   1,448",      49,96.7,555,109,562,     652,45.0,     500,34.5,     276,19.1,      20,1.4,     296,20.4,     261,20.1,0.3
560,DISTRICT,2690,PUEBLO CITY 60,0000,All Schools,08,"   1,001",     941,      60,94.0,531,124,522,     525,55.8,     255,27.1,     150,15.9,      11,1.2,     161,17.1,     141,15.3,1.8
561,DISTRICT,2690,PUEBLO CITY 60,0000,All Schools,HS,     919,     663,     256,72.1,559,103,569,     274,41.3,     303,45.7,      82,12.4,       4,0.6,      86,13.0,     106,16.3,-3.3
562,DISTRICT,2700,PUEBLO COUNTY 70,0000,All Schools,All Grades,"   2,249","   2,187",      62,97.2,592,100,602,     658,30.1,     908,41.5,     582,26.6,      39,1.8,     621,28.4,     662,29.8,-1.4
563,DISTRICT,2700,PUEBLO COUNTY 70,0000,All Schools,05,     822,     809,      13,98.4,610,92,607,     188,23.2,     328,40.5,     273,33.7,      20,2.5,     293,36.2,     260,34.5,1.7
564,DISTRICT,2700,PUEBLO COUNTY 70,0000,All Schools,08,     769,     739,      30,96.1,582,106,594,     266,36.0,     269,36.4,     195,26.4,       9,1.2,     204,27.6,     232,29.0,-1.4
565,DISTRICT,2700,PUEBLO COUNTY 70,0000,All Schools,HS,     658,     639,      19,97.1,582,100,608,     204,31.9,     311,48.7,     114,17.8,      10,1.6,     124,19.4,     170,25.3,-5.9
566,DISTRICT,2710,MEEKER RE1,0000,All Schools,All Grades,     148,     143,       5,96.6,624,88,620,      32,22.4,      53,37.1,      54,37.8,       4,2.8,      58,40.6,      53,35.3,5.3
567,DISTRICT,2710,MEEKER RE1,0000,All Schools,05,      52,      52,       0,100.0,621,95,614,      13,25.0,      15,28.8,0,0.0,0,0.0,      24,46.2,      23,41.8,4.4
568,DISTRICT,2710,MEEKER RE1,0000,All Schools,08,      53,      52,       1,98.1,603,77,605,      14,26.9,      23,44.2,0,0.0,0,0.0,      15,28.8,      14,32.6,-3.8
569,DISTRICT,2710,MEEKER RE1,0000,All Schools,HS,      43,      39,       4,90.7,658,82,639,       5,12.8,      15,38.5,0,0.0,0,0.0,      19,48.7,      16,30.8,17.9
570,DISTRICT,2720,RANGELY RE-4,0000,All Schools,All Grades,     112,     108,       4,96.4,559,117,579,      41,38.0,      45,41.7,0,0.0,0,0.0,      22,20.4,      27,24.3,-3.9
571,DISTRICT,2720,RANGELY RE-4,0000,All Schools,05,      54,      53,       1,98.1,579,126,618,      16,30.2,      21,39.6,0,0.0,0,0.0,      16,30.2,      16,37.2,-7.0
572,DISTRICT,2720,RANGELY RE-4,0000,All Schools,08,      34,      32,       2,94.1,495,104,532,      22,68.8,       7,21.9,0,0.0,0,0.0,       3,9.4,       7,20.6,-11.2
573,DISTRICT,2720,RANGELY RE-4,0000,All Schools,HS,      24,      23,       1,95.8,605,68,577,       3,13.0,      17,73.9,0,0.0,0,0.0,       3,13.0,       4,11.8,1.2
574,DISTRICT,2730,DEL NORTE C-7,0000,All Schools,All Grades,     111,     109,       2,98.2,564,99,574,      47,43.1,      38,34.9,0,0.0,0,0.0,      24,22.0,      22,22.2,-0.2
575,DISTRICT,2730,DEL NORTE C-7,0000,All Schools,05,      37,      37,       0,100.0,574,112,535,      16,43.2,       8,21.6,0,0.0,0,0.0,      13,35.1,       7,17.9,17.2
576,DISTRICT,2730,DEL NORTE C-7,0000,All Schools,08,      41,      40,       1,97.6,547,91,591,      20,50.0,      14,35.0,0,0.0,0,0.0,       6,15.0,       5,20.8,-5.8
577,DISTRICT,2730,DEL NORTE C-7,0000,All Schools,HS,      33,      32,       1,97.0,573,95,605,      11,34.4,      16,50.0,0,0.0,0,0.0,       5,15.6,      10,27.8,-12.2
578,DISTRICT,2740,MONTE VISTA C-8,0000,All Schools,All Grades,     245,     197,      48,80.4,532,111,567,     105,53.3,      67,34.0,      22,11.2,       3,1.5,      25,12.7,      36,17.3,-4.6
579,DISTRICT,2740,MONTE VISTA C-8,0000,All Schools,05,      71,      66,       5,93.0,525,108,533,      37,56.1,      23,34.8,0,0.0,0,0.0,       6,9.1,       7,9.6,-0.5
580,DISTRICT,2740,MONTE VISTA C-8,0000,All Schools,08,      90,      70,      20,77.8,522,122,577,      41,58.6,      19,27.1,0,0.0,0,0.0,      10,14.3,      19,26.0,-11.7
581,DISTRICT,2740,MONTE VISTA C-8,0000,All Schools,HS,      84,      61,      23,72.6,552,99,596,      27,44.3,      25,41.0,0,0.0,0,0.0,       9,14.8,      10,16.1,-1.3
582,DISTRICT,2750,SARGENT RE-33J,0000,All Schools,All Grades,      74,      74,       0,100.0,609,90,601,      18,24.3,      31,41.9,0,0.0,0,0.0,      25,33.8,      34,39.1,-5.3
583,DISTRICT,2750,SARGENT RE-33J,0000,All Schools,05,      22,      22,       0,100.0,606,116,621,0,0.0,0,0.0,0,0.0,0,0.0,      10,45.5,0,0.0,0.0
584,DISTRICT,2750,SARGENT RE-33J,0000,All Schools,08,      29,      29,       0,100.0,590,91,635,      12,41.4,       8,27.6,0,0.0,0,0.0,       9,31.0,      18,52.9,-21.9
585,DISTRICT,2750,SARGENT RE-33J,0000,All Schools,HS,      23,      23,       0,100.0,636,46,525,0,0.0,0,0.0,0,0.0,0,0.0,       6,26.1,0,0.0,0.0
586,DISTRICT,2760,HAYDEN RE-1,0000,All Schools,All Grades,      81,      79,       2,97.5,570,78,602,      30,38.0,      38,48.1,0,0.0,0,0.0,      11,13.9,      22,26.2,-12.3
587,DISTRICT,2760,HAYDEN RE-1,0000,All Schools,05,      36,      35,       1,97.2,554,86,624,      15,42.9,      15,42.9,0,0.0,0,0.0,       5,14.3,       8,33.3,-19.0
588,DISTRICT,2760,HAYDEN RE-1,0000,All Schools,08,      24,      24,       0,100.0,579,76,571,       8,33.3,      13,54.2,0,0.0,0,0.0,       3,12.5,      10,26.3,-13.8
589,DISTRICT,2760,HAYDEN RE-1,0000,All Schools,HS,      21,      20,       1,95.2,586,63,633,       7,35.0,      10,50.0,0,0.0,0,0.0,       3,15.0,       4,18.2,-3.2
590,DISTRICT,2770,STEAMBOAT SPRINGS RE-2,0000,All Schools,All Grades,     619,     506,     113,81.7,679,100,652,      52,10.3,     139,27.5,     231,45.7,      84,16.6,     315,62.3,     302,52.4,9.9
591,DISTRICT,2770,STEAMBOAT SPRINGS RE-2,0000,All Schools,05,     218,     212,       6,97.2,701,89,670,      12,5.7,      44,20.8,     109,51.4,      47,22.2,     156,73.6,     130,64.7,8.9
592,DISTRICT,2770,STEAMBOAT SPRINGS RE-2,0000,All Schools,08,     210,     203,       7,96.7,676,103,659,      23,11.3,      51,25.1,      98,48.3,      31,15.3,     129,63.5,     125,57.3,6.2
593,DISTRICT,2770,STEAMBOAT SPRINGS RE-2,0000,All Schools,HS,     191,      91,     100,47.6,632,99,618,      17,18.7,      44,48.4,      24,26.4,       6,6.6,      30,33.0,      47,29.9,3.1
594,DISTRICT,2780,SOUTH ROUTT RE 3,0000,All Schools,All Grades,      69,      64,       5,92.8,607,92,619,      16,25.0,      30,46.9,0,0.0,0,0.0,      18,28.1,      23,31.9,-3.8
595,DISTRICT,2780,SOUTH ROUTT RE 3,0000,All Schools,05,      25,      23,       2,92.0,584,125,595,       9,39.1,       6,26.1,0,0.0,0,0.0,       8,34.8,       5,29.4,5.4
596,DISTRICT,2780,SOUTH ROUTT RE 3,0000,All Schools,08,      18,      18,       0,100.0,607,71,618,0,0.0,0,0.0,0,0.0,0,0.0,       5,27.8,      11,31.4,-3.6
597,DISTRICT,2780,SOUTH ROUTT RE 3,0000,All Schools,HS,      26,      23,       3,88.5,631,59,640,0,0.0,0,0.0,0,0.0,0,0.0,       5,21.7,       7,35.0,-13.3
598,DISTRICT,2790,MOUNTAIN VALLEY RE 1,0000,All Schools,All Grades,      26,      25,       1,96.2,555,101,517,       7,28.0,0,0.0,0,0.0,0,0.0,0,0.0,0,0.0,0.0
602,DISTRICT,2800,MOFFAT 2,0000,All Schools,All Grades,      53,      48,       5,90.6,595,89,598,      11,22.9,      23,47.9,0,0.0,0,0.0,      14,29.2,      11,23.4,5.8
603,DISTRICT,2800,MOFFAT 2,0000,All Schools,05,      24,      21,       3,87.5,625,90,575,       3,14.3,       9,42.9,0,0.0,0,0.0,       9,42.9,0,0.0,0.0
606,DISTRICT,2810,CENTER 26 JT,0000,All Schools,All Grades,     129,     125,       4,96.9,538,97,554,      61,48.8,      57,45.6,0,0.0,0,0.0,       7,5.6,      14,12.1,-6.5
607,DISTRICT,2810,CENTER 26 JT,0000,All Schools,05,      48,      48,       0,100.0,533,99,549,      24,50.0,0,0.0,0,0.0,0,0.0,0,0.0,       6,11.3,0.0
608,DISTRICT,2810,CENTER 26 JT,0000,All Schools,08,      37,      35,       2,94.6,533,108,565,      18,51.4,      13,37.1,0,0.0,0,0.0,       4,11.4,0,0.0,0.0
609,DISTRICT,2810,CENTER 26 JT,0000,All Schools,HS,      44,      42,       2,95.5,548,86,549,      19,45.2,0,0.0,0,0.0,0,0.0,0,0.0,0,0.0,0.0
614,DISTRICT,2830,TELLURIDE R-1,0000,All Schools,All Grades,     210,     199,      11,94.8,641,101,638,      34,17.1,      72,36.2,      82,41.2,      11,5.5,      93,46.7,     111,48.7,-2.0
615,DISTRICT,2830,TELLURIDE R-1,0000,All Schools,05,      83,      78,       5,94.0,655,100,657,      13,16.7,      19,24.4,      40,51.3,       6,7.7,      46,59.0,      53,63.1,-4.1
616,DISTRICT,2830,TELLURIDE R-1,0000,All Schools,08,      60,      56,       4,93.3,638,88,607,       9,16.1,      24,42.9,0,0.0,0,0.0,      23,41.1,      29,36.3,4.8
617,DISTRICT,2830,TELLURIDE R-1,0000,All Schools,HS,      67,      65,       2,97.0,628,111,651,      12,18.5,      29,44.6,0,0.0,0,0.0,      24,36.9,      29,45.3,-8.4
618,DISTRICT,2840,NORWOOD R-2J,0000,All Schools,All Grades,      45,      39,       6,86.7,629,60,610,       3,7.7,      21,53.8,0,0.0,0,0.0,      15,38.5,      10,22.7,15.8
622,DISTRICT,2862,JULESBURG RE-1,0000,All Schools,All Grades,     113,      26,      87,23.0,614,54,629,0,0.0,0,0.0,0,0.0,0,0.0,       5,19.2,0,0.0,0.0
625,DISTRICT,2862,JULESBURG RE-1,0000,All Schools,HS,      80,      25,      55,31.3,614,55,0,0,0.0,0,0.0,0,0.0,0,0.0,0,0.0,0,0.0,0.0
630,DISTRICT,3000,SUMMIT RE-1,0000,All Schools,All Grades,     814,     794,      20,97.5,610,116,614,     208,26.2,     278,35.0,     273,34.4,      35,4.4,     308,38.8,     282,37.4,1.4
631,DISTRICT,3000,SUMMIT RE-1,0000,All Schools,05,     297,     289,       8,97.3,609,109,617,      78,27.0,      94,32.5,     103,35.6,      14,4.8,     117,40.5,     116,42.3,-1.8
632,DISTRICT,3000,SUMMIT RE-1,0000,All Schools,08,     253,     251,       2,99.2,603,130,619,      81,32.3,      68,27.1,      89,35.5,      13,5.2,     102,40.6,     104,42.8,-2.2
633,DISTRICT,3000,SUMMIT RE-1,0000,All Schools,HS,     264,     254,      10,96.2,619,107,605,      49,19.3,     116,45.7,      81,31.9,       8,3.1,      89,35.0,      62,26.2,8.8
634,DISTRICT,3010,CRIPPLE CREEK-VICTOR RE-1,0000,All Schools,All Grades,      64,      64,       0,100.0,564,85,582,      25,39.1,      30,46.9,0,0.0,0,0.0,       9,14.1,      18,24.0,-9.9
635,DISTRICT,3010,CRIPPLE CREEK-VICTOR RE-1,0000,All Schools,05,      23,      23,       0,100.0,559,97,604,0,0.0,0,0.0,0,0.0,0,0.0,       5,21.7,0,0.0,0.0
636,DISTRICT,3010,CRIPPLE CREEK-VICTOR RE-1,0000,All Schools,08,      27,      27,       0,100.0,564,83,525,      10,37.0,0,0.0,0,0.0,0,0.0,0,0.0,0,0.0,0.0
638,DISTRICT,3020,WOODLAND PARK RE-2,0000,All Schools,All Grades,     479,     432,      47,90.2,616,101,617,     102,23.6,     169,39.1,     145,33.6,      16,3.7,     161,37.3,     176,35.7,1.6
639,DISTRICT,3020,WOODLAND PARK RE-2,0000,All Schools,05,     163,     159,       4,97.5,637,91,638,      28,17.6,      55,34.6,      67,42.1,       9,5.7,      76,47.8,      71,42.0,5.8
640,DISTRICT,3020,WOODLAND PARK RE-2,0000,All Schools,08,     161,     137,      24,85.1,625,94,609,      29,21.2,      51,37.2,0,0.0,0,0.0,      57,41.6,      59,34.7,6.9
641,DISTRICT,3020,WOODLAND PARK RE-2,0000,All Schools,HS,     155,     136,      19,87.7,581,109,604,      45,33.1,      63,46.3,0,0.0,0,0.0,      28,20.6,      46,29.9,-9.3
642,DISTRICT,3030,AKRON R-1,0000,All Schools,All Grades,      57,      43,      14,75.4,573,109,607,      20,46.5,      14,32.6,0,0.0,0,0.0,       9,20.9,      19,23.8,-2.9
643,DISTRICT,3030,AKRON R-1,0000,All Schools,05,      23,      21,       2,91.3,569,129,615,       9,42.9,       6,28.6,0,0.0,0,0.0,       6,28.6,       9,30.0,-1.4
644,DISTRICT,3030,AKRON R-1,0000,All Schools,08,      18,      16,       2,88.9,584,86,563,0,0.0,0,0.0,0,0.0,0,0.0,0,0.0,0,0.0,0.0
646,DISTRICT,3040,ARICKAREE R-2,0000,All Schools,All Grades,      29,      29,       0,100.0,585,104,598,       9,31.0,      14,48.3,0,0.0,0,0.0,       6,20.7,      10,33.3,-12.6
650,DISTRICT,3050,OTIS R-3,0000,All Schools,All Grades,      43,      40,       3,93.0,599,93,552,      12,30.0,      18,45.0,0,0.0,0,0.0,      10,25.0,       8,14.0,11.0
662,DISTRICT,3080,WELD COUNTY RE-1,0000,All Schools,All Grades,     403,     399,       4,99.0,574,103,579,     158,39.6,     157,39.3,      78,19.5,       6,1.5,      84,21.1,      82,20.0,1.1
663,DISTRICT,3080,WELD COUNTY RE-1,0000,All Schools,05,     138,     135,       3,97.8,569,90,575,      55,40.7,      53,39.3,0,0.0,0,0.0,      27,20.0,      22,16.8,3.2
664,DISTRICT,3080,WELD COUNTY RE-1,0000,All Schools,08,     142,     142,       0,100.0,592,110,571,      53,37.3,      49,34.5,0,0.0,0,0.0,      40,28.2,      31,20.7,7.5
665,DISTRICT,3080,WELD COUNTY RE-1,0000,All Schools,HS,     123,     122,       1,99.2,559,105,593,      50,41.0,      55,45.1,0,0.0,0,0.0,      17,13.9,      29,22.5,-8.6
666,DISTRICT,3085,EATON RE-2,0000,All Schools,All Grades,     450,     383,      67,85.1,612,101,620,      83,21.7,     151,39.4,     143,37.3,       6,1.6,     149,38.9,     157,37.9,1.0
667,DISTRICT,3085,EATON RE-2,0000,All Schools,05,     158,     154,       4,97.5,640,96,649,      26,16.9,      44,28.6,0,0.0,0,0.0,      84,54.5,      78,52.3,2.2
668,DISTRICT,3085,EATON RE-2,0000,All Schools,08,     163,     152,      11,93.3,599,94,607,      37,24.3,      67,44.1,0,0.0,0,0.0,      48,31.6,      49,31.6,0.0
669,DISTRICT,3085,EATON RE-2,0000,All Schools,HS,     129,      77,      52,59.7,583,113,599,      20,26.0,      40,51.9,0,0.0,0,0.0,      17,22.1,      30,27.3,-5.2
670,DISTRICT,3090,WELD COUNTY SCHOOL DISTRICT RE-3J,0000,All Schools,All Grades,     543,     504,      39,92.8,556,111,576,     213,42.3,     197,39.1,      89,17.7,       5,1.0,      94,18.7,     125,26.2,-7.5
671,DISTRICT,3090,WELD COUNTY SCHOOL DISTRICT RE-3J,0000,All Schools,05,     197,     194,       3,98.5,566,98,582,      69,35.6,      86,44.3,0,0.0,0,0.0,      39,20.1,      60,31.3,-11.2
672,DISTRICT,3090,WELD COUNTY SCHOOL DISTRICT RE-3J,0000,All Schools,08,     184,     172,      12,93.5,554,120,590,      74,43.0,      62,36.0,0,0.0,0,0.0,      36,20.9,      56,32.6,-11.7
673,DISTRICT,3090,WELD COUNTY SCHOOL DISTRICT RE-3J,0000,All Schools,HS,     162,     138,      24,85.2,542,115,545,      70,50.7,      49,35.5,0,0.0,0,0.0,      19,13.8,       9,8.0,5.8
674,DISTRICT,3100,WINDSOR RE-4,0000,All Schools,All Grades,"   1,476","   1,407",      69,95.3,618,105,622,     292,20.8,     584,41.5,     474,33.7,      57,4.1,     531,37.7,     554,40.3,-2.6
675,DISTRICT,3100,WINDSOR RE-4,0000,All Schools,05,     540,     526,      14,97.4,641,90,646,      57,10.8,     221,42.0,     216,41.1,      32,6.1,     248,47.1,     266,54.2,-7.1
676,DISTRICT,3100,WINDSOR RE-4,0000,All Schools,08,     510,     469,      41,92.0,610,100,605,     125,26.7,     176,37.5,     157,33.5,      11,2.3,     168,35.8,     171,33.9,1.9
677,DISTRICT,3100,WINDSOR RE-4,0000,All Schools,HS,     426,     412,      14,96.7,596,120,614,     110,26.7,     187,45.4,     101,24.5,      14,3.4,     115,27.9,     117,31.0,-3.1
678,DISTRICT,3110,JOHNSTOWN-MILLIKEN RE-5J,0000,All Schools,All Grades,     917,     711,     206,77.5,579,103,580,     254,35.7,     294,41.4,     150,21.1,      13,1.8,     163,22.9,     163,25.0,-2.1
679,DISTRICT,3110,JOHNSTOWN-MILLIKEN RE-5J,0000,All Schools,05,     371,     357,      14,96.2,588,96,589,     108,30.3,     152,42.6,      88,24.6,       9,2.5,      97,27.2,      82,28.3,-1.1
680,DISTRICT,3110,JOHNSTOWN-MILLIKEN RE-5J,0000,All Schools,08,     277,     251,      26,90.6,564,109,567,     112,44.6,      90,35.9,0,0.0,0,0.0,      49,19.5,      59,23.0,-3.5
681,DISTRICT,3110,JOHNSTOWN-MILLIKEN RE-5J,0000,All Schools,HS,     269,     103,     166,38.3,580,106,589,      34,33.0,      52,50.5,0,0.0,0,0.0,      17,16.5,      22,21.0,-4.5
682,DISTRICT,3120,GREELEY 6,0000,All Schools,All Grades,"   4,920","   4,720",     200,95.9,551,114,554,"   2,126",45.0,"   1,740",36.9,     795,16.8,      59,1.3,     854,18.1,     839,17.8,0.3
683,DISTRICT,3120,GREELEY 6,0000,All Schools,05,"   1,788","   1,767",      21,98.8,560,111,558,     739,41.8,     626,35.4,     371,21.0,      31,1.8,     402,22.8,     366,20.6,2.2
684,DISTRICT,3120,GREELEY 6,0000,All Schools,08,"   1,655","   1,606",      49,97.0,543,117,545,     810,50.4,     516,32.1,     260,16.2,      20,1.2,     280,17.4,     289,18.1,-0.7
685,DISTRICT,3120,GREELEY 6,0000,All Schools,HS,"   1,477","   1,347",     130,91.2,549,114,560,     577,42.8,     598,44.4,     164,12.2,       8,0.6,     172,12.8,     184,13.7,-0.9
686,DISTRICT,3130,PLATTE VALLEY RE-7,0000,All Schools,All Grades,     241,     239,       2,99.2,614,94,626,      51,21.3,     108,45.2,      72,30.1,       8,3.3,      80,33.5,      98,37.7,-4.2
687,DISTRICT,3130,PLATTE VALLEY RE-7,0000,All Schools,05,      79,      78,       1,98.7,630,86,628,      11,14.1,      36,46.2,      28,35.9,       3,3.8,      31,39.7,      37,44.6,-4.9
688,DISTRICT,3130,PLATTE VALLEY RE-7,0000,All Schools,08,      78,      78,       0,100.0,604,106,612,      23,29.5,      31,39.7,0,0.0,0,0.0,      24,30.8,      35,38.5,-7.7
689,DISTRICT,3130,PLATTE VALLEY RE-7,0000,All Schools,HS,      84,      83,       1,98.8,609,89,639,      17,20.5,      41,49.4,0,0.0,0,0.0,      25,30.1,      26,30.2,-0.1
690,DISTRICT,3140,WELD COUNTY S/D RE-8,0000,All Schools,All Grades,     513,     476,      37,92.8,522,118,521,     271,56.9,     144,30.3,0,0.0,0,0.0,      61,12.8,      65,12.9,-0.1
691,DISTRICT,3140,WELD COUNTY S/D RE-8,0000,All Schools,05,     168,     166,       2,98.8,544,96,550,      79,47.6,      64,38.6,0,0.0,0,0.0,      23,13.9,      37,19.7,-5.8
692,DISTRICT,3140,WELD COUNTY S/D RE-8,0000,All Schools,08,     198,     192,       6,97.0,511,136,495,     119,62.0,      40,20.8,0,0.0,0,0.0,      33,17.2,      18,10.1,7.1
693,DISTRICT,3140,WELD COUNTY S/D RE-8,0000,All Schools,HS,     147,     118,      29,80.3,507,108,516,      73,61.9,      40,33.9,0,0.0,0,0.0,       5,4.2,      10,7.4,-3.2
694,DISTRICT,3145,AULT-HIGHLAND RE-9,0000,All Schools,All Grades,     196,     167,      29,85.2,576,104,567,      52,31.1,      77,46.1,0,0.0,0,0.0,      38,22.8,      24,13.3,9.5
695,DISTRICT,3145,AULT-HIGHLAND RE-9,0000,All Schools,05,      65,      55,      10,84.6,562,103,541,      18,32.7,      30,54.5,0,0.0,0,0.0,       7,12.7,       8,10.8,1.9
696,DISTRICT,3145,AULT-HIGHLAND RE-9,0000,All Schools,08,      65,      49,      16,75.4,575,108,575,      18,36.7,      16,32.7,0,0.0,0,0.0,      15,30.6,       9,14.3,16.3
697,DISTRICT,3145,AULT-HIGHLAND RE-9,0000,All Schools,HS,      66,      63,       3,95.5,588,101,601,      16,25.4,      31,49.2,0,0.0,0,0.0,      16,25.4,       7,15.9,9.5
702,DISTRICT,3147,PRAIRIE RE-11,0000,All Schools,All Grades,      48,      45,       3,93.8,599,97,652,      16,35.6,      16,35.6,0,0.0,0,0.0,      13,28.9,      22,57.9,-29.0
703,DISTRICT,3147,PRAIRIE RE-11,0000,All Schools,05,      17,      16,       1,94.1,634,85,654,0,0.0,0,0.0,0,0.0,0,0.0,0,0.0,      11,64.7,0.0
705,DISTRICT,3147,PRAIRIE RE-11,0000,All Schools,HS,      17,      17,       0,100.0,610,106,0,       6,35.3,       5,29.4,0,0.0,0,0.0,       6,35.3,0,0.0,0.0
710,DISTRICT,3200,YUMA 1,0000,All Schools,All Grades,     170,     156,      14,91.8,575,99,590,      58,37.2,      67,42.9,0,0.0,0,0.0,      31,19.9,      40,24.7,-4.8
711,DISTRICT,3200,YUMA 1,0000,All Schools,05,      65,      62,       3,95.4,567,99,576,      24,38.7,      26,41.9,0,0.0,0,0.0,      12,19.4,      11,18.6,0.8
712,DISTRICT,3200,YUMA 1,0000,All Schools,08,      62,      56,       6,90.3,582,105,599,      22,39.3,      20,35.7,0,0.0,0,0.0,      14,25.0,      16,33.3,-8.3
713,DISTRICT,3200,YUMA 1,0000,All Schools,HS,      43,      38,       5,88.4,577,89,598,      12,31.6,      21,55.3,0,0.0,0,0.0,       5,13.2,      13,23.6,-10.4
714,DISTRICT,3210,WRAY RD-2,0000,All Schools,All Grades,     145,     140,       5,96.6,632,106,596,      27,19.3,      55,39.3,      49,35.0,       9,6.4,      58,41.4,      45,32.8,8.6
715,DISTRICT,3210,WRAY RD-2,0000,All Schools,05,      53,      50,       3,94.3,673,98,610,       4,8.0,      16,32.0,      24,48.0,       6,12.0,      30,60.0,      22,45.8,14.2
716,DISTRICT,3210,WRAY RD-2,0000,All Schools,08,      50,      48,       2,96.0,637,108,601,      10,20.8,      15,31.3,0,0.0,0,0.0,      23,47.9,      16,32.7,15.2
717,DISTRICT,3210,WRAY RD-2,0000,All Schools,HS,      42,      42,       0,100.0,577,91,572,      13,31.0,      24,57.1,0,0.0,0,0.0,       5,11.9,       7,17.5,-5.6
718,DISTRICT,3220,IDALIA RJ-3,0000,All Schools,All Grades,      47,      47,       0,100.0,650,88,574,       5,10.6,      25,53.2,      12,25.5,       5,10.6,      17,36.2,      12,27.3,8.9
719,DISTRICT,3220,IDALIA RJ-3,0000,All Schools,05,      17,      17,       0,100.0,693,95,0,0,0.0,0,0.0,0,0.0,0,0.0,      10,58.8,0,0.0,0.0
726,DISTRICT,8001,CHARTER SCHOOL INSTITUTE,0000,All Schools,All Grades,"   3,747","   3,177",     570,84.8,591,109,590,"   1,008",31.7,"   1,213",38.2,     881,27.7,      75,2.4,     956,30.1,     829,28.7,1.4
727,DISTRICT,8001,CHARTER SCHOOL INSTITUTE,0000,All Schools,05,"   1,322","   1,247",      75,94.3,598,100,591,     339,27.2,     491,39.4,     393,31.5,      24,1.9,     417,33.4,     362,30.3,3.1
728,DISTRICT,8001,CHARTER SCHOOL INSTITUTE,0000,All Schools,08,"   1,201","   1,097",     104,91.3,579,117,576,     427,38.9,     357,32.5,     288,26.3,      25,2.3,     313,28.5,     253,25.0,3.5
729,DISTRICT,8001,CHARTER SCHOOL INSTITUTE,0000,All Schools,HS,"   1,224",     833,     391,68.1,597,111,608,     242,29.1,     365,43.8,     200,24.0,      26,3.1,     226,27.1,     214,31.5,-4.4
730,DISTRICT,9000,COLORADO SCHOOL FOR THE DEAF AND BLIND,0000,All Schools,All Grades,      34,      33,       1,97.1,431,108,433,      28,84.8,0,0.0,0,0.0,0,0.0,0,0.0,0,0.0,0.0
739,DISTRICT,9130,EXPEDITIONARY BOCES,0000,All Schools,All Grades,      95,      90,       5,94.7,629,76,641,      12,13.3,      42,46.7,0,0.0,0,0.0,      36,40.0,      42,47.2,-7.2
740,DISTRICT,9130,EXPEDITIONARY BOCES,0000,All Schools,05,      26,      26,       0,100.0,606,72,636,0,0.0,0,0.0,0,0.0,0,0.0,       7,26.9,       9,36.0,-9.1
741,DISTRICT,9130,EXPEDITIONARY BOCES,0000,All Schools,08,      49,      46,       3,93.9,635,84,632,       5,10.9,      18,39.1,0,0.0,0,0.0,      23,50.0,      23,52.3,-2.3
742,DISTRICT,9130,EXPEDITIONARY BOCES,0000,All Schools,HS,      20,      18,       2,90.0,647,56,669,0,0.0,0,0.0,0,0.0,0,0.0,       6,33.3,      10,50.0,-16.7
743,DISTRICT,9170,EDUCATION REENVISIONED BOCES,0000,All Schools,All Grades,     674,     236,     438,35.0,550,108,562,     109,46.2,      86,36.4,0,0.0,0,0.0,      41,17.4,      59,19.5,-2.1
744,DISTRICT,9170,EDUCATION REENVISIONED BOCES,0000,All Schools,05,     101,      44,      57,43.6,523,110,525,      25,56.8,      14,31.8,0,0.0,0,0.0,       5,11.4,       9,15.3,-3.9
745,DISTRICT,9170,EDUCATION REENVISIONED BOCES,0000,All Schools,08,     273,     107,     166,39.2,537,116,548,      59,55.1,      28,26.2,0,0.0,0,0.0,      20,18.7,      21,17.5,1.2
746,DISTRICT,9170,EDUCATION REENVISIONED BOCES,0000,All Schools,HS,     300,      85,     215,28.3,581,88,595,      25,29.4,      44,51.8,0,0.0,0,0.0,      16,18.8,      29,23.6,-4.8
747,DISTRICT,9175,COLORADO RIVER BOCES,0000,All Schools,All Grades,      46,      43,       3,93.5,491,100,534,      26,60.5,0,0.0,0,0.0,0,0.0,0,0.0,0,0.0,0.0
748,DISTRICT,9175,COLORADO RIVER BOCES,0000,All Schools,HS,      46,      43,       3,93.5,491,100,534,      26,60.5,0,0.0,0,0.0,0,0.0,0,0.0,0,0.0,0.0
